0,1,2,3,4,Return_Status
2.9793789333103877,1.6349882731322887,-0.6481131677101559,-0.15231087924078232,1.18915368582116,0
-3.023665236056412,-1.208556951070257,-2.0593007867338833,-0.036292806436239625,0.1772362259804195,0
-0.9588702553412523,-0.231298750828574,-0.011392551632240497,-1.242392645430575,-1.5980939899429323,1
-3.018508791012223,1.4013998299267254,-1.0444002818677425,0.6411395579104994,0.538582287451086,1
-0.012497609555305544,-0.19867544868479628,-0.5159937948091858,0.8225539084687851,1.3845001550531126,1
4.0437443865222695,0.08279854058890501,0.5424403299721045,1.3533395872088556,-0.5267825958371175,0
-4.005406721017061,-0.028283948738765996,-0.6479300453719322,0.3719710873228978,0.5680478365481172,1
-0.013665524234247606,1.276583505281638,-1.0576004514199056,-1.8950953361154372,-0.08072472783333967,1
3.961520799890084,0.8566911573731698,-2.172122745340722,0.4689740862495239,0.6886019742330786,0
-3.909599141784703,-1.222154301708089,2.570912087127308,-0.28061183087517294,-0.7744970811342984,0
4.059498792550005,-0.996756688765742,1.8889243656417525,1.51750489376939,0.4480688986577732,0
3.064420632218442,0.3980013831701062,0.877235973792414,0.11908292249259081,-1.6739034601373635,1
-1.0022393294841505,1.5093733063257633,0.5204339253432282,-1.0182530589796552,1.2710844040180838,1
0.06944313295756377,-1.0762021468630627,0.5575215728431535,0.4090021417109084,-2.044533930489137,1
-0.012321362631559474,0.8742373187035511,-1.2338445773394824,-0.4190952487887978,0.0026183226073951404,0
1.0341739840808097,0.11635020520980399,-0.2764200660475026,2.174503203774111,-0.8767304660288667,0
2.0686143107416637,0.23249863691612738,1.9091168612008247,0.17085888500689453,-0.6304674578106063,0
2.99877153206623,0.8148509797990223,0.49294507826481493,-0.9870638145763313,1.4485596254249646,0
2.9864391642580896,1.1129637398353665,-1.4087158880858008,0.26403624477548343,0.026913166127438534,1
-2.974719635867449,1.8641778456630849,-0.13330426722653935,0.03458591948402355,-1.1794832099285835,1
4.041314675120149,-1.4036380963506243,0.9689019523264937,1.1129234679216224,0.40349576653749397,1
2.026650140428978,0.9077816954262966,0.8044222590533653,-0.6120846611922383,0.20529869209935014,1
-0.9719480381259329,0.6954663071492913,0.9451313351682193,2.063948263686106,0.7912673243828714,1
-0.9765089706810555,0.02163410049221031,-0.433609218849329,-1.8402807419797553,-1.2480700298590255,1
3.0626132490682023,0.25681900868401053,0.40068362946793235,-0.07855562215987044,-2.1612215990236665,1
-0.9719958178896277,1.1112756575927645,0.12902942427061526,1.4627785613591113,-0.4303420559819766,1
1.054074073355035,-1.5270820746186493,0.8326288892407968,-1.4780828289573869,-1.0498968644927065,0
0.04851845847753733,-0.43363178114568784,1.7032243787848709,0.8248595542256009,0.548214858403225,0
-2.0401200172693,-0.31586031446441115,-3.3891178155310056,-0.3092721438631994,-0.7687717311790018,1
-2.9649473784905007,1.5896815587045006,1.357385647381896,0.9647370063311101,0.3578257899806362,0
3.9974312736077833,-1.1296616292897816,0.13859086629278994,1.1771518071956117,1.946025885748251,1
3.999122628392528,-0.4877688851768996,0.2131724684004363,0.9774592740506021,1.7643154954523732,1
-4.004009064193169,-0.3100430463731927,-1.0824849984068834,0.464215139957839,0.05076110572994626,0
-1.9838281545555754,0.2678499309385106,0.5684400711816855,-0.7682611739794227,0.5540459778788885,1
3.016811008578422,-0.38827507333764016,-0.2513156066500464,-1.5905271965529002,-0.4023903355953522,1
1.0396002094752452,0.527214314588619,0.7865642563419946,-0.9411628844833927,-0.5920613401956846,1
-1.2503480510517306e-05,0.7630445146565137,-0.6288304913978535,0.9855386624614851,0.31784241072458724,1
0.028925924689107596,0.26798525186887134,-0.5778716398295717,0.16476792759995537,-1.3883551850730182,1
1.0071615417989905,-1.8221713316442443,-2.115840914073122,0.10313737902782014,-1.517577269226577,1
1.9874033557617805,1.508444927081348,-1.0676728742542279,1.306625729319008,0.4822288496329459,1
-3.956375707331472,1.373151855860148,1.156171763144979,1.2315836133043325,-0.39607704631206614,0
4.023460670139664,0.957342605191692,0.9121878193440519,0.9707260612898847,0.8749948117689393,0
-1.9933997593305564,0.3748190405164957,-0.3535295289980922,0.5816337308974717,0.21758947942054263,1
-0.946571450454111,0.10559218775893889,2.0283015497387056,-0.3658022581313304,0.28381960213789914,0
-3.97686888075193,1.8170689842201886,-0.11410155993282209,-0.06765149599707493,-1.1927740036295833,1
-1.951760863978457,-0.8722771509086675,0.8985836584322316,0.13641623297583894,-0.48031559890602793,1
-2.9248579305956763,-0.7907198624486278,1.3399363347818998,-0.6669780579082483,-1.7032208538448004,1
-3.000598481283671,-1.3625364377226588,-1.0049628886067943,0.3574536535513945,0.23987442586012486,1
-3.9869017726987885,1.4927633460808298,-0.15319736454966357,1.1982863750016182,-0.28330164263825025,0
2.9757157605826725,0.9031126292215352,-2.139563568020346,0.03890335111286933,-0.23416734247886845,0
-1.9989519471406871,0.5815969990941766,-0.48477192009385217,0.39763907872962745,0.2971010515912296,0
-1.992923801853153,-2.1763836587635716,-1.3234721512226295,0.9194415562995781,-0.30640219214557285,0
0.9895003914502203,-0.15479696567305778,0.028543566097459394,0.5219499558852569,1.888501632531063,1
3.004009734978216,1.122489161263858,0.3867872706885258,0.7765939904036591,1.2883764875174666,0
4.068434634570889,-0.38172051351736697,1.3997020682105268,0.4031324547868372,-1.0305028662476579,1
4.022703556136576,1.3005685793517863,0.9381919257612538,0.6282570919598307,0.8131866600123827,1
-0.944786969752732,0.6029500128831594,1.5033172525109555,0.5129264566910872,-0.4160167794846299,0
0.030644777724731398,1.5675004541936106,-0.23777481151471222,1.3009708569109726,-1.1420326491167365,1
-2.987129628293591,-1.8623819648168376,-0.4185959977707814,-1.1031291374016743,0.024219094737160107,0
4.0710764698570605,-1.2018767703408813,0.6479762346006389,-0.10777334397318254,-2.040316029809832,0
3.028479392041633,-0.07734173690694027,1.3263749716733544,-0.7666725199657957,0.9395485094372314,0
-1.9636732758872681,-0.25181787043924725,-0.1079017815905372,-1.4726777967429725,-1.4909247723835737,0
4.0309084399329835,-1.0830259860890836,-0.03636400789625158,-0.29980127267794676,-0.5572528038258244,0
-1.9336330267421924,-0.46942491715910384,1.0546839498212617,-0.4065478553811889,-1.5725691190479694,1
4.002399588600659,-0.9215332836601235,0.3479302549469447,0.7215043386097152,1.7751787508639638,0
-2.967385751473593,-1.065811308052197,0.9266019058503465,-0.10831146671595962,0.49906103618228415,0
4.054647950180178,1.4872232025741141,1.5587814855927686,-0.39176613180793657,-0.5613691183957895,1
2.9910901013378384,-1.5357234042089378,0.2784803671358683,-0.974034018920873,2.139910659982017,0
4.008020201870894,-1.0335953636710624,0.822605837437442,-1.413832431349439,1.6281573872702122,0
0.043157100795270686,-0.414216192951056,0.08171017456403654,-1.5479612066676742,-1.602614576670586,1
-2.9601136637584835,0.2667435485113395,1.777660811049397,-1.211100251586562,0.5395973881602973,1
3.054581408615781,0.6375507573446647,1.4857614934959698,0.2021632415095328,-0.37577330649103935,0
1.021001537503297,1.9296230515903643,0.7928771983166808,1.533058258816943,0.6987239486534149,1
2.979010858246827,1.2099097443762754,-2.187876642098296,1.0181058117386774,-0.36171868166892135,0
0.05371288024061727,0.05480324590148614,0.32762053402228714,-1.1295100891935186,-1.9506975650522462,1
-2.9882347615358604,0.211926316586935,-1.1106235099786783,0.7100682086669989,-0.9999424327013154,0
1.0002047748817997,-1.8291581549008178,-1.3792658202598755,-0.117299237092254,-0.23898143823459056,0
0.04371039510317942,1.1109099290013027,0.7039901706587777,0.5331189049978161,-0.8046752077353064,0
-0.005127421590557013,-1.198991774179909,-0.7466305746936395,0.7494458313368975,0.873884861239027,1
-3.9705073092829766,-1.598840346409772,-0.12011348577704573,-0.04497347445466521,-0.37368490348510003,0
-2.96188984114122,-1.1716485261105276,1.7322955254970207,-1.4966219841817185,0.9356186751884302,1
3.0120274244412766,-0.6336961894887257,-0.38296790580385254,1.483432882214678,0.37550428666625335,0
-1.9726479663177736,0.07220009365250726,-0.4091180117465092,-1.155296971942599,-1.3498706544260524,0
-1.9566085763975671,-0.4035230324645583,0.6842667856155746,0.690097230859925,-0.46705723752952155,0
3.0067830420741037,1.742771920793004,0.17040444382483844,-0.31833531433615553,0.5117576210816018,0
3.0037081325550172,-0.8275490366986827,-0.14473616259970226,1.310596736441606,1.1694621577082625,0
-2.9341025792159505,0.8307746433432499,2.3660699199152244,0.0054982774943264905,-0.19471074493985624,1
3.059561732930482,1.7338127006974993,2.144329781807298,-0.24688545467942788,-0.1818144130436476,1
-4.016459811336065,0.42800238608337454,-1.416262311521981,0.5842943500165084,0.13417682710522305,1
0.9943608163292366,0.03157355021478542,-1.2508170759905877,0.9406221525820659,0.06567934027590523,0
3.044075421849917,2.0007118777521002,1.099037281448367,0.7248143520762619,-0.41193995826406604,0
-1.9387767665025453,-1.406557872199424,0.363084727359957,0.14491332311586175,-1.780793234938479,1
3.0345422507459334,0.15206879446550842,0.31033215480160586,1.1832025473177559,-0.3347574617191238,0
-4.002324800402166,1.4849867603771367,-0.5825294679004139,-2.024294712750427,-0.5315412115261692,0
4.076193217885341,0.24770593625613457,1.2354498283035136,-0.0626211960249626,-1.9156087237443948,0
4.075481522752459,0.3589406646001025,0.8111440085972287,-0.41024892468682855,-2.485894135738068,1
0.026685094011249966,0.8330601406537471,0.49081156644585333,-1.3982738992566892,-0.3717824937921958,1
-0.9760049360701837,1.7332291876333341,1.2116565752042676,-0.5400465417004155,0.6065860592325303,1
0.994881062017881,-0.9611892378123746,-0.5167890748404648,-0.8828623343414856,0.7985508280454312,1
2.004397231423866,-0.11942985788244476,-1.3973512268425308,0.7589729460407555,-0.6909785004434301,1
-0.007620925412971324,0.3955547027086749,-1.0181073941160832,-0.9737195887458607,-0.011302169177260193,0
4.038780336329789,1.391391868525897,0.02201314643548158,0.7729295986796642,-1.257493872909237,0
-1.9654710986019484,0.07410720056848305,0.9816792737959037,0.025555537332070513,0.1787515130570888,0
1.9871133875042384,-0.4397714406933924,-1.9323895704135203,0.9982102550580377,-0.2064308620653312,0
0.014678405151512308,1.1551702579694225,0.8428711057315156,0.02189578566237037,0.981770078836668,1
2.029983175529658,1.3988749029248235,0.25427779978844456,0.7081154412468386,-0.5155952905869059,1
-2.951342799920289,-1.0630850706959967,1.5242694694042924,2.076992743320108,0.7162830064236727,0
-0.9594709210825361,-1.2853281953241864,-0.027309080913170386,1.8216550753431866,-0.7327671300162478,1
-3.0205240402768245,1.8373552351451974,-0.08031809453588001,-0.13422441023846712,1.5881284290824973,0
2.056566277405472,-0.8792379146172803,0.4957064481669511,1.274408663541286,-1.1977605514498098,0
-2.977711854236582,1.6704925195794547,-0.04081175965855835,-1.2394125621652539,-1.080733682625413,0
-3.9935914118960025,-0.552093854740263,-0.7589237405201629,0.19560991876690376,-0.1277037219202517,0
4.01503077916379,0.1427366649251169,-0.3156264313750947,1.5230885040416513,0.14584406428704766,1
-3.990340723334763,-0.2280169199683351,-0.7449476654773387,0.8743654697719984,-0.2859344870594601,0
2.9790828612548337,0.4022948359845223,-0.7946137876703241,0.8318717469849352,1.4801247962487982,1
-2.9972987725565146,0.7957109747545413,0.39355179639188576,1.0465553117747892,1.3192686213363811,0
3.0369537127731965,-0.781014320765321,0.8096877803326314,1.376639979348315,0.3705742257637284,0
-2.0247145320472346,0.8442418003416204,-0.5774606098903752,-0.9650687843373831,1.3816562911548065,0
1.008419283473959,0.17220006098919025,-1.1905020526476986,0.21113608744044954,-0.8694917626635046,0
-1.9710087691486362,0.6047802605248889,-0.8395505421805133,2.1935532088326672,-1.4590135809274656,1
2.0406566996675553,0.8391326099781965,-0.28578463069361093,0.3263413961820293,-1.7687977887448687,0
3.992203481216179,1.5811633477399463,-0.5061360750721337,-1.7708530336146102,0.32135067548974056,1
-2.9988295985907194,1.662038135781704,-1.0210620464044564,-1.7851376677119273,-1.1511766417021005,0
0.009359114056638695,0.7584300506783108,0.40678046573967996,1.9582047198323111,1.2297715377124958,0
0.9692772853816027,0.023283324102384997,-0.952848724903225,0.12359371054753028,1.7645272931948444,0
-0.9553378570012514,-0.13253857222803542,1.5125499493888774,1.4312596528613928,0.5761354760053672,1
-1.0214787898056414,0.3996706713446796,-1.9847635820771845,-0.10231348422162934,-0.2397884484083091,0
-0.981609465502713,-1.5183220053318567,0.16049107407586805,-0.7826987543358404,0.3597969636450021,0
-3.0315634015133317,-0.10560316718813423,-1.3211135584358518,-0.3070768754050632,1.2069993687567093,0
-0.9303278083366529,-0.4877703740005354,2.0490458200798787,-0.4104419473279302,-0.5251238183131289,0
-4.01229754087505,-1.685718509475956,0.027837912295513634,-0.12320214385671995,2.3228674872909916,0
1.0454349665791343,-1.0745565678000912,0.3420444113844182,0.1717159104346458,-0.9160920902405597,1
-3.9502091959779246,-0.4882274572873747,1.8590343471837443,-0.03796072240905771,0.5350806795539147,1
1.0270263454021746,0.3389996683402267,-0.48697835917596366,-0.9195812846987681,-1.3674664229471225,0
-4.00191550057916,1.3958833882730883,-0.7933075314274801,-0.4962230249525391,-0.4945892860969685,0
1.0223359730331039,-0.5886077651980604,0.2811782981092149,-0.9005285620291179,0.06441979210513045,1
3.0787411318038176,0.2169691950956584,2.2330490997575563,-0.10517041125250624,-0.8642253176490566,0
-2.998911842527,1.5312364824824996,0.036578283706349635,0.2038375321098542,0.5991232680011935,1
-2.953377890698061,1.0429214413201027,0.8184194481806689,0.6818674302514375,-0.9058291818117833,0
-0.9518686508334557,0.35397792976186143,0.09712941901629948,-0.5690058869979836,-1.8862025557372548,0
-2.0281015599283165,0.7145240435881515,-1.1288855866321066,-0.9615319949189974,0.9325932129361724,1
-0.9737091146845964,-1.5240668566709101,-0.8330199875281308,1.407929126020841,-0.9068051127016158,0
2.0188580474172317,-1.6002048677535021,-0.47253021554817076,0.4286214705951188,-0.15960140078964083,1
-3.9497090224260596,0.5149611430260408,0.926465817400916,0.7261495950938146,-0.881490981685345,1
1.0784416101257577,-1.2191970085720967,0.83667449247506,0.2336171276437512,-2.224473756006969,1
-1.9734833354827184,1.7238010287553178,-0.2828722810886738,1.0686393744081202,-1.1229731869927382,0
2.0138838638306886,-0.23160343181908188,-0.3064939871414638,1.3855408929976705,0.23422708274222298,1
-2.99777266164764,-0.9128128062133377,-0.15497806142665824,1.3454609210209123,1.1996744907817907,1
-3.0148350639883104,-0.15771610964174912,-0.97640964429724,0.6387641397320627,0.8407645135113418,0
-0.9768994163881919,-1.2608431620037732,0.8597584827176517,1.5826823634107718,1.3470112793696223,0
-3.972199712864485,0.1957221487952738,0.36915340620206527,-0.005395476204672071,-0.27607960613413984,0
-2.0009517977730087,1.3431172174978514,0.446301519153965,-0.13119636642146634,1.2757553007433573,0
4.029468600429639,-0.8564007696390915,-0.022531681560666983,-0.6902397737625282,-0.5786073709389032,0
1.9939354710938222,0.0395334110299204,-0.7421703491581445,0.3994504972206641,0.6317206284552359,0
2.0273016690216643,-0.5986460953775238,-0.11298213658167439,-0.379267383498708,-0.5926750046358699,1
-0.9689221434874291,-0.28492664965522746,0.22401377172877757,-1.7555448332025023,-0.797540310918708,0
-3.0232317406422125,0.46771855401609286,-1.9690032999027853,-0.2909253162192139,-0.25496641001306475,1
-0.9902615919362652,-1.0965017994141737,-0.32736873245820053,-2.2458174926662497,-0.11504247620190466,0
1.0348886358951015,1.1188765546153536,-0.04851178588363611,0.7439885878464132,-1.139411579076214,1
-1.993894607894731,1.4056725251921014,-0.16934601562965637,-0.700869203634486,-0.03476547066913205,1
-3.9499847598650604,-2.0178645659436185,0.8124089098662048,0.5084011184201593,-0.16083157442212517,0
3.025663082016579,1.4445201229865696,0.640011473784828,0.2262485884092525,0.1371934676057227,0
-0.009694180866537394,0.6656658030268422,-1.64506741433629,-0.18376824585583681,-0.5672877456843489,1
0.03439235346449809,1.2197533916342993,-0.08555264137197757,0.9954472861134191,-1.1583741712240858,0
-0.9461608857967398,-0.3592621420440193,0.16703716836461877,0.05810364822968715,-1.8480307805181695,0
0.9875633003722681,0.4838873332926189,-0.04328659551384631,0.626453680103706,1.7954896097966324,1
-1.9701601821227341,-0.33589393948991636,-0.14771867866247615,0.6195589645852768,-0.7235244949039535,1
3.9946526326428637,0.8234734932307191,-0.8032630371963574,0.7860711200168057,0.4709423930781894,1
0.02726767795963969,-0.16265445750149676,0.4351478896015629,2.2045350401520536,0.45696042020855154,0
-1.993782603101601,-0.4482135231292133,0.37512932717611736,-1.4826942749548078,0.9463972393506571,0
-3.9574727754655754,-1.2514500680621272,0.42449742412870495,-1.1150199910095298,-0.791337195235097,0
0.9724795385788694,-0.5347063729433403,-0.4274273371738109,0.26727478793613796,2.3718728686176167,0
-3.009152870574127,1.6775153535220515,-0.464502446184482,1.6580717090428236,0.8267962430686974,1
-1.954573846147729,-1.1281963058330509,1.1067487379731298,1.233562733566163,0.2243388016386914,0
-3.9422847299986596,-0.6330139498696816,1.8559493952499468,1.5221115094011612,0.412755196343136,1
4.071563469877236,-1.206248696715407,0.683858795182426,-0.2569749776378686,-2.0535731522500424,0
3.0133669522909567,1.4170820987908925,0.0995660020164617,1.489731306269904,0.45740936091222695,0
-2.9767057108530603,0.45699577832684496,0.17990355606009717,0.34643777132699244,-0.21541590674543504,1
3.0706555239088624,-1.2147278770561367,1.9952025468983592,-0.03949683393959985,-0.3611688264994599,0
4.013599762397871,-1.1817124142849564,-0.8175651378579787,-1.4949417798834852,-0.7027803769985284,0
-3.9786975316637334,-0.8356743190085423,-0.8726252182766719,0.7486354805917304,-0.9532176592566484,1
-0.01757178305959073,0.3568287691310254,-1.546356987460241,0.6784071119204197,0.26162389067966674,0
3.034492519871523,-1.4065692660291393,0.560375693195647,-0.49776149135187187,-0.02573378067657041,1
-3.0073668933871414,1.2249615652716281,-1.3308474858331472,-1.4174195189659118,-0.8352729284162341,1
-0.980380157642311,1.0507708977120649,0.9362976415207422,0.45705209319862783,0.8828215370105307,1
2.017446347928404,-1.6585529129863605,0.0967766397810971,-0.6487445448270889,0.4254875750813404,1
-2.0076146588289028,-0.8678052194424141,-0.5568951959606288,-0.9600485931307395,0.8211495461742845,0
0.024687984158360265,0.27792360318743314,0.8983394583178443,1.6240642905056253,0.967953169579666,0
3.0213275621686746,-1.377914547487415,0.7988953702335114,-1.6446376089689134,0.8181832614278128,0
-1.9783451313705114,1.1573972825077605,0.7770440667567206,2.0824387847388754,0.8214675939186129,1
-1.0012540545838555,-1.2840902690287286,0.4322449131242456,-0.3304445647293803,1.8969995962098962,0
4.022785501716496,-1.2937428590193067,0.5389788920611729,0.36973793598585564,0.8072586176304744,0
1.9799239214498217,1.5944255033986563,-0.45444128081367163,-1.2846061409138743,1.1536110992908915,0
-3.955870774179062,-1.1179811485110738,1.4321973757289823,-1.5516845266805486,0.25882289161772437,0
-0.9792024144742717,0.15534446697509433,0.7570411107243329,-1.22759792548909,0.47207686300284235,1
-1.0147161606406483,0.5228919096408555,-0.48854722307805243,0.28988520482092356,1.2550335445800418,1
4.0014980795975665,1.5237398689255304,0.17753705572360032,1.618508642586612,1.2866629535172307,0
0.9815233463193014,-1.5087835140825747,-1.4537776605461763,-0.21418668583884537,0.6900212395484087,1
4.007266131197587,0.4044254666670766,-0.4378956241746682,-2.309042787844256,-0.35034560214078186,0
1.008067665130854,-0.267129226709592,-1.1358272199984938,-0.23267434602789605,-0.7719622138749579,0
0.9908290066367291,-1.700927693005957,-1.309638170957344,0.650434002161872,0.5264289425914845,0
0.006872789170697224,-1.0038563906202858,-0.7389974883340272,-0.024337333995915766,-0.02586470044248055,1
0.029385901741115106,-0.12691334980093755,0.03810961248809423,2.2440720020247973,-0.1588589724195853,0
-3.0043805162303467,0.19138633693711152,0.12033693894042241,-1.7003817929786342,1.0321020193287302,1
3.057245736039655,-0.8455045658396767,1.7648742349385673,-1.1400125299849144,-0.14166834374635676,1
2.983829826122002,1.035675477998525,-0.07608588098587835,-0.06172141659846761,1.7720072512162561,0
-4.003208656480306,-1.4032390612320007,-0.9236088499451224,-0.9057663201768464,0.32256855542130947,1
3.016904813564236,0.8910779740462167,0.5869903718536376,1.9773839434310512,1.0530417400670333,1
0.04070506248278516,-1.5960655288849297,-0.4795114910228304,1.8108785713926125,-1.2227110971818869,0
-2.978694864786083,-1.2160177337410791,0.7775360255633148,-1.3623142894882585,0.7832239194999605,1
-3.000340907454893,0.7777156320982322,-0.6436552543541508,1.3886431330779738,0.27783564418106643,1
1.0332943483845023,-1.7869021043225242,-0.6881490961120776,1.7249810764116602,-1.0019115331584445,0
3.9847334094214117,0.13578087679763676,-1.7666528113441382,-0.7786712078919035,-0.2872805889538074,0
-4.02962731889567,0.2769889844537353,-0.3439839120229715,-0.251522993019507,2.1699546962477947,1
1.0688657856350332,-1.5347046904871162,0.9295719154099302,0.8037886346508506,-1.3599056814158543,0
4.055773750257328,-0.5157284518297062,1.4098281754797979,0.9317133009008026,-0.13427278549893024,0
2.9940430919340706,0.9488229837423047,-0.5163665531776263,-1.2305575262018913,0.4129576118053617,1
1.0429637769240179,0.18634881970632758,-0.026393183421594274,-0.9097682836960723,-1.711948056812707,1
-1.9866072292562,-0.3298148357181578,0.11445010127052627,-1.3573639456125597,0.19113494583387802,0
3.054333940661654,0.027953442401234027,0.7120644810877516,-0.7448595924428988,-1.36926986188512,1
4.0314470157876885,0.566835508533602,-0.1381594784814212,0.44342847835096677,-0.9116979274052887,0
-3.9659636234677422,-0.9998013073575114,0.209414794314292,1.9153848087435654,-0.056405592178754405,0
4.030197891546018,-0.965408657801931,1.0636512295507785,-1.7687892912285466,0.522910706225442,1
1.0543351710744266,0.05957660827601286,0.7095821593483304,-0.5881748566044289,-1.3904996565885397,1
0.9904745717158541,-1.8306491103552094,-0.8531511813539305,0.55697061582465,1.119690764458946,0
-1.0004220859721573,-1.936549005216164,-1.3891998491324553,-0.10487787322817525,-0.20535244281247272,0
-3.922946357923899,-1.0813134532263553,1.8238314891799021,-0.7987114607146643,-1.0756383432595098,0
2.9730110068453,-0.3403179561270152,-1.3648232610798805,0.4459294054579683,1.2209769997791073,0
-3.0086593587872414,1.5358267054329544,0.39320758549596135,-1.0986429066426875,1.3686204643332183,1
-4.037277411429994,0.9227121377262539,-1.9007797976905405,-0.012376879614987221,0.47190058886228947,0
-3.0094786849333692,-0.6111018759770297,-0.13380705720656955,-1.0929232804962319,1.3618700409843802,1
-3.9403522437301275,-1.677561428533216,1.8086639967026559,-1.286712964381404,0.05859267209697071,1
-3.9443481080894385,0.07889181750956956,2.0324341421314753,0.13895954858021706,0.24007973975769648,0
4.032281356038703,0.8699384306583862,0.7331195618570622,0.8456401312001494,0.12473592610773591,1
-3.9887713124579496,1.3250027053332059,-0.258865024950402,1.500353275461395,-0.18793185326339223,1
-0.9793322977617773,-1.4888386600381966,0.9945318545382457,0.15829839011251737,1.4326768689227538,0
1.0288806462321753,-1.878417886147142,-0.5235301003481647,-0.2866642735110143,-0.9117200138270191,1
2.0405922331842916,-0.822588630191771,0.2850099501029456,-0.46185364132519663,-0.8609262671377771,1
-3.011494701275592,1.2940413332324838,-1.1282444290107465,-0.5148369706228926,-0.1795653384988582,0
1.0174086693725837,-0.013463477791390448,-0.4526412016522833,0.04523791277739774,-0.4869408039098748,0
1.9953365410771076,1.0500785101481829,-0.3812424800467159,-1.8215389112403748,0.33936897591277543,0
-2.9476232263092332,0.13541304973096266,0.3280088016357391,-1.1633144184222202,-1.9671137621224841,0
-2.987082838700145,0.6237263939989968,0.8009234614095294,0.2335248921835524,1.1086833361510184,0
2.0265977494259584,0.8534715252470428,1.148074699635815,0.13231002275460998,0.7889171608435891,0
-3.931677264619377,0.160345693223476,1.0050793060076233,0.5331005952099516,-1.7705521509079776,0
2.9875086502167596,0.6941674970682429,-1.8497529083836035,0.40389308550731773,-0.4627931077701384,1
-1.9605961028567367,-1.9600084110460583,-0.5391230936690802,1.9744485281557542,-1.1043624516888768,1
0.9911886068095503,-0.6779395499419888,-1.7166891894214533,0.40011502586435604,-0.2698141822867871,0
4.029976079369708,-0.6947089107952746,0.48077634792472157,2.17882378458207,0.5393306985093475,1
0.9801438883104128,-1.6136743827348998,-0.5749793369694133,-0.30054844763755356,1.8601287981614163,1
4.036911417482066,-0.0912753850710164,0.24897624217421307,-1.101108167849145,-0.9272346382779486,0
2.0222812297931743,-1.5701666866710744,-0.5664517303980767,-1.3600079542201546,-0.8361526108751509,1
4.023968237459157,1.442001650939962,-0.84480746869866,0.657275380953026,-1.4755001609599805,0
-2.972820661532926,0.7228924363585291,1.2692420610653286,-0.1466657355243377,0.7419680544685,1
3.0497335766412776,0.4956603690716692,1.7610513299479327,0.4648424801520119,0.33207136766009354,0
3.0195258928993507,-1.0377461300554065,-0.07518315876652287,-2.2401317066070416,-0.3377364507056017,1
-3.020537163494154,-1.3356761949516818,-1.9215159998362472,-0.3885216687925048,0.12969764765505976,1
-0.9882227158218386,0.37041795710326386,-0.7808977003266336,1.3498111756348616,-0.43758211477788367,1
2.0290425724360652,-1.1626390468232461,1.3696645028245833,-0.8646243087359955,1.1532869813510451,0
-0.9757696836482657,-0.2554583977004948,1.3853212495516734,-1.7738642460170522,1.0341704711846222,1
-0.9609650021324008,-1.3898954068458134,1.2461920781595424,-1.0258808223930906,0.39618582269253816,1
0.9693933669888626,-0.5096872046794112,-1.839376081648369,0.014684241884991681,0.7616511074580968,0
1.0174364993707607,-1.6637948717287683,-0.41427877212772213,-0.20425283827967394,-0.12809676404516224,0
-1.9875371216722804,-1.6046522454855596,-1.0872506725670505,0.4122964762112654,-0.5768503561158513,1
4.006368210659255,1.053115615757822,-1.1366986557358727,-0.8295365471070217,-0.9996545775488329,1
-2.95849633971257,-1.234764751413889,0.8336938610340754,2.28703917538569,0.36944251893989144,1
0.982969765911478,-0.172431101309562,-1.0893804263900988,0.6769131428537994,0.9343494038019152,1
2.046197529673349,-0.6305428832268266,1.0307973864419664,-1.3586731957722844,-0.4939759049657188,0
4.040646205203832,-0.48266195868862305,0.5122944949548376,0.9647755058051916,-0.33839687308470107,1
-2.005930409548985,-1.1611387272007188,-0.9549205448333821,-1.0179913979983013,0.2897322322787491,1
-1.992088232125516,-0.12468129006028525,-0.5795788282452147,-0.757368972585979,-0.27751596966355396,0
2.0433916907361356,-0.4011064906781065,1.8028298397193967,-0.9970156148419667,0.6440622592482309,1
-0.9258818833065385,-1.3118250567809655,1.206875270703222,0.012997157849320718,-1.5528893974390812,1
3.0197093349048627,-1.0389996929829923,-0.6011846581574194,1.4096903237695928,-0.2779807740167249,1
1.9855547303056706,-0.0059793417891713,-1.39763925297644,0.11958012778602775,0.278253815456055,0
0.03374687455400416,1.7157972295334425,0.707414870296005,1.6479988357501547,-0.12630457768130793,0
2.0193411110977975,-0.028128341385780898,-0.26230627131937556,-0.9503277247745204,-0.5379884933473562,1
-1.962734052735723,-0.07335670136323388,-0.3706838544291816,0.546802717968048,-1.5219456436895207,1
-2.9769952040384764,-1.5523743611584848,-0.9690995653880391,1.6764052013411357,-0.8096039315125938,0
0.9791561160369264,-1.4224079584579292,-0.25214328792901775,0.39730557872807276,2.4113320046936413,1
-3.0058188922342977,1.6412523618057817,-0.31132390695886236,1.25565192702369,0.7509618460044774,1
-1.9733385037937503,-1.1774673433166822,-0.48806980662082955,-0.8559439339163636,-1.034105157048411,0
1.0911673446565784,-1.1104828239386377,2.624535193091847,-0.17854528390325589,-0.8840286114298449,0
0.030846473429010146,0.26531948150400436,0.9563723041290811,-0.6646209788528255,0.2272979369663196,0
2.9822638932402894,0.22065312155093178,-1.1101390548610643,0.5231623180884536,0.8810844030620365,1
4.055999220321463,1.0983920400676357,1.4786574390395706,0.44239558200143037,-0.4952425597639811,1
-1.9515279347241852,0.05253998300510928,0.445101799602341,0.27757589336246247,-1.2612248687577663,1
-2.0244619387490292,1.6912040374283768,-0.6163469335319834,-0.5723365450682537,1.1825441838044188,1
-2.0214914974278413,1.746842877656241,-0.24929293092155744,0.608874394883885,1.678417778439185,0
1.0143289978130872,0.9278028341630905,0.7702427642722468,0.36397626237825287,1.0577637538410776,1
-3.985754640718354,1.6944585633288543,1.1681227177639006,-1.5054939033509573,0.7265920518468776,1
2.0155989685852456,-0.16898300139832764,-0.8459125553860223,-0.797898968538666,-0.9733080611363399,0
-3.9462742556867383,1.626657923437552,0.8111880650126851,-0.48349461698873164,-1.8590779848615162,0
0.014371297830599872,0.30313966981750085,-0.8111530906033264,-1.1311588472288299,-1.0731875773864907,1
3.0227584533634166,1.6048907214894461,-0.09997307967004515,1.6105776432657224,-0.3616277292145508,0
-0.9733589194734291,-0.5751432714151169,0.09943200813163353,-1.7940117836985447,-0.6268396246032668,0
-0.03725196370069561,0.17798702476068223,-1.1909886474614164,0.5385485290373406,1.8825143577073273,1
-0.9621435184210636,0.19241892832941063,1.6155537934086233,-0.6235246217148528,0.628538242138845,1
-0.9989233374726463,-1.3187950482219621,-0.38127987079816783,-0.49359846111856975,0.7292685177375245,1
3.021937267959683,-1.004160742258009,-0.5000254003480985,1.1576387146959548,-0.34286755015153925,1
-2.9519337592060366,-2.0293213420237772,-0.10785617223057131,0.6313946380463893,-1.2975453606961593,0
-3.993376859401692,1.409495832586933,0.6995999696902575,0.14247077856177903,1.0082265447295997,0
-2.020346233789041,0.4283746627076405,-1.8355832052305936,-0.7926539812963788,-0.3000963615901833,1
3.986981618683214,1.3734053312523173,-1.477694046231169,0.7528364813104879,-0.022709481530707128,1
-0.974423200481275,0.759539608522828,0.054878002425095926,-1.6433029554208363,-0.9037542472401008,0
-0.014005798816748793,0.7437653139711574,-1.0463370551979352,1.0692519667313791,0.6554679506346245,1
-2.983582826244896,-0.9300263252108882,0.6989344052798995,-1.746137727603742,0.8210303031735842,1
-0.9715942546603733,-0.7757265176959988,-0.5805644385213813,0.12045166194110633,-1.1494291372611691,1
-2.991370600872803,0.6685176888912651,-0.22133077901450762,0.2331987707350954,0.07555399071819856,1
-2.9939056095001115,-0.6021080950898938,0.592356372460048,0.1072868075813219,1.5731027539834572,0
-0.9383425240001397,0.39162206894321927,1.705135123499011,0.39845340804519025,-0.5223677199649762,1
0.9860939092446808,1.0289303911752816,-1.0563189465195006,1.0658583691279617,0.602071852536907,0
1.9967146145460184,-0.17364965456621573,-1.385854784359508,-0.8499945222744961,-0.5246747096893946,1
-1.9752564011352236,-1.7106232391561706,-0.2857969834351951,0.4366765345969874,-0.28205890514078436,1
-1.9373594993750012,-0.9790151264517181,2.305506525034086,-0.48059272195806596,0.3137319682895943,0
1.0394033993401983,-0.023430561821996473,-0.13063898950424058,-0.901353916968518,-1.5810451653602964,1
-2.012384147620234,-1.5994982068682284,-0.326413979093651,-0.4492641058244892,1.6745362054635764,0
-3.036681862668649,1.3421069401853585,-1.105655216828273,0.5428179792985647,1.5414517569021733,1
3.019767743518898,-0.17882507289852323,-0.6107068267989657,1.4610442364300567,-0.4645881224771532,1
0.002974244211208621,-1.9393103546299988,-0.8622088090768896,0.03359620354405053,0.27678395074449175,1
-3.9938736199015685,1.1101071137767275,0.6263841090796571,0.442724395255064,1.1087892288913543,1
-1.9700137618068,0.14882161023053345,0.950818766682081,2.4580418861027415,0.8683620705177754,1
3.0193553001234053,-1.228878349941077,-0.3665308488593406,-0.26706958948423193,-0.25781402991029034,0
-0.9536781783696444,-1.774453301231631,0.2610240695144235,0.9689275357047266,-0.7727122266607637,0
2.0085057946576326,0.8984647855057519,0.07091204617890987,0.8137989293304085,0.6630845440437776,1
-2.992592232365045,-0.9237922980789355,-0.5330700672184525,-1.2417428792826488,-0.08330624890983096,1
1.9993321171673362,-0.9547427738969803,-0.6165445319335692,0.6306265197786526,0.7244521355630278,0
0.04287645461914913,0.9926142271414979,-0.3035840723326959,1.0683802768245734,-1.8658155812172024,0
0.055921245162050326,-0.8753604321530913,0.7925526362389634,-0.786026797143895,-1.230922286046656,1
0.9988739060740128,1.7866218343600269,0.36611400889292145,0.05821487711283106,1.2300095692874056,1
4.015073836341494,-1.1366037849609822,0.17462374970807526,-1.7856374622133213,0.36174051538219854,0
0.9784890408277018,1.7399177826467571,-0.1386983677013546,-0.5328919777191877,1.7139649813505544,1
3.069332629644891,0.11526570559589822,1.5187577607452303,-0.18529173946992603,-1.1774137886304674,0
1.9718867447432498,0.5216230861944777,-1.6282374204530916,-1.0294241892998683,0.46780342486015014,1
4.034054775317785,-0.5054524527021782,-1.2705668125058938,-0.5657844573211551,-2.432431524005544,0
-1.0085284496589986,1.496540023979706,0.3647246896214402,-1.2001135590340772,1.4199296628777536,0
-2.994674763908018,-1.7533558989889493,-0.17264446866812624,-1.1786309929563101,0.7350897592030149,1
2.0160832152623964,1.7233731106129402,0.29793392005539654,0.747570904421978,0.3020209528053369,0
1.0097743985471412,-0.44259336036439384,-0.33196832138423793,-2.304327612120277,-0.2517140113268707,1
-3.9511192180020025,0.6473226697140959,0.03042485978020726,0.5186131168556475,-2.020378635145991,1
4.0457898839621445,-0.6539526730741628,0.26883635044950543,0.5525636162023164,-0.9882614228944174,1
3.9739485076130068,0.6799748753982232,-0.7922344009555603,-0.29335888729238435,1.532156439225162,1
-3.005840511514865,1.1594690899935018,-1.607566940263231,0.798119491775032,-0.8200503490476989,0
-2.02099213171686,-0.9715445307335165,-0.5559458494169834,-0.5277490672917227,1.7287746133430377,1
0.019777835626471507,0.6884404519350035,-0.33596863188596604,-0.2022755296446638,-0.7134276141268081,1
-0.013497943637237775,0.19140530279569862,-0.9321791101933742,0.37688758965661123,0.7551043510003126,1
-3.944866114976069,-0.030454750359667604,0.7245289920414106,-0.2220332939723897,-1.4190540721149858,1
2.974766450006226,-0.3560201183104662,-1.6870854524649868,-0.10548309507791483,0.6156610554311547,0
3.0713588335360305,-1.3500514499612613,1.0963856979006117,0.04821974125273752,-1.4617772881031494,1
-0.9629019864924526,-0.48446080018898013,1.6178457612406447,-0.8190182954063159,0.7977205870247321,0
2.0569746908616375,-0.2820959856868647,1.5690661590030741,0.19844864910032745,-0.24128477208821225,0
-1.9730612967568475,-1.2068664082092562,0.9787540508683481,-1.5815786863644339,0.6336421350093459,0
1.0441539757951572,-1.502522881121047,1.023266840215644,1.4656899111277284,0.34674446632328587,1
4.023469290003175,-0.7748174252823008,0.9012287318025802,1.1138327181165772,1.24969556645546,1
-3.951284249929846,-0.7680479942124496,0.6197100300984038,2.0750060593569204,-0.4625990354652864,1
0.053018629497920244,0.8942324748111125,0.7178901258603942,-0.8263651322767246,-1.5585032591821124,1
-0.9543391553454637,-1.364744222738326,0.738583170646902,0.6793935645335833,-0.2966134446110824,0
3.0379021846932526,0.3643384109665293,1.3424567347556862,0.9869948258753674,0.650754355690053,0
-3.994288759907259,1.6625455106784377,0.41048003393392485,-1.047304291141807,0.3755720509245573,1
4.053049306710327,-0.507142464237624,0.6320449718127457,-0.5008608091096423,-1.2108868914900206,1
1.029146737409107,0.7593508727951856,-0.8267882342461216,1.838157448270189,-1.4628254019916211,1
-1.0038108597493944,0.5839377150476995,-1.2228700958469114,-1.8225733128137318,-0.7293802610740335,1
4.06122937340399,0.5387185436779678,1.1825832701898502,0.42351131820051774,-1.0567561432876782,1
0.042804181357205984,-0.2073766141042116,1.2344785770444238,-0.20127663040726,0.05732825265449597,1
-0.016253759458002115,0.9378911023431349,-1.6291532646993923,-1.5977554458149335,-0.4967759674645828,1
0.0555057520912019,-0.18165868807923669,0.9829784902046976,0.9466819116925717,-0.7882982594879433,0
-3.9203161250648684,-1.7433306397641113,1.8701882614136143,-0.8469384506535094,-0.9502583045765836,0
-4.023193496063655,0.05474496614964846,-1.200962201657649,0.7091905219077793,0.9645814506616904,0
3.0558983908504223,1.647510221845859,1.0524352733950555,0.29568550150152406,-1.1813138307249096,0
3.0079584811467948,-0.7824138288402834,-0.5017425581902976,1.4931008741042595,0.5045371012426902,1
1.0309670457863005,-0.4518617792959713,-0.07590690565573163,0.1590788639735559,-0.7101615285336772,1
-1.000575718307874,1.2113681115204087,-0.40721256157925667,-0.5386146633389447,0.19009497692668714,1
-2.9581062024143416,-1.676597312233824,0.7896635564811303,-0.528017517296385,-0.1353459791053941,1
-2.9844723613725628,-0.6510666029059173,-0.4881774579820781,0.11810454371640142,-0.32121825814392524,1
3.990069611645832,-1.0289341510430206,-1.372655881807382,0.7384707754157174,0.4201073444580792,0
0.05400523061371132,-0.7283723824538365,1.7202851568655717,1.7975435635147268,0.5006338467197419,1
-1.0242240087914398,0.6081014465895629,-0.8094827975922787,0.6091471818358091,1.466193671660451,0
-3.9280616727953253,1.0164502447863581,0.8105787900942987,-0.18122076260565523,-2.6730854285997094,1
1.99876876723079,-1.3057144230461954,-1.4440323929991108,-0.018948446751875788,-0.31206280945866577,0
-1.9809225769245358,0.9511648570591977,0.3398958947087002,-1.6689647135223453,-0.2502889762261459,1
0.9819905921883052,0.45231096732492426,-0.027474274933218606,-0.5930212665138391,1.913662867942801,0
0.04327928747379861,0.5474185101678171,0.9481966505440368,-1.242080323913145,-0.6988013642680615,1
-0.010754584306051918,0.9776113136706905,-1.6469266785979322,-0.37813164888304274,-0.6152226096381864,1
0.028061446122948475,1.2827250470337046,-0.42150619637963005,2.0468885752909456,-1.0043203812801869,1
-3.950419468165248,-1.610904466082444,1.2256781142749882,0.8068136220086675,0.30395355481658787,1
-4.027287672453315,1.930183217858863,-0.1418961394264165,-0.5711640833127366,1.6427133165071686,0
-1.9820997511785325,-1.1651767526128873,-0.2935204751759015,-0.8296298127542414,-0.2696510182726084,1
-1.0258459062789167,-1.1855327956707484,-0.7820269626655574,0.02108668703199158,1.9041324653015148,0
0.05975676554963005,1.1271029105736379,2.0929559547772296,0.4042614850331211,-0.07454704364331602,1
-2.9882671817083084,-1.1289153393482092,0.8217446892713715,-0.4465981581426052,1.5629130535493179,0
3.032968396395572,-0.17180544374086884,-0.6257356997939402,1.0787517442324366,-1.34382077274426,1
-2.964330983483577,1.9113956651285928,0.2633097902330976,-0.6318515085573793,-1.4464903487168226,1
4.01847401374527,0.383867026077403,0.9415727065990536,-0.20245711502556796,1.0962105324732245,0
-2.957811237733929,2.208690966024474,1.7231955689405551,-0.04137969821287325,0.01952426506969296,1
4.009133709660268,0.8881380919777379,0.038778449710278176,1.0015239480371982,0.6737877549653931,1
2.031006872321055,1.019578206974627,-0.46194610065138375,-0.3893786955167059,-1.591418438041878,0
3.0357079783285323,0.17436108118202154,0.574248079498227,-0.39811710489878216,-0.39494138959823755,1
-2.915107309142587,-0.6027300631405481,1.1089788879139468,-0.20358931831044216,-2.534011240655079,0
1.9824341194258315,1.3136505624390888,-0.9832690025790226,-0.2600099906757021,0.6154877482095072,1
0.9933568424930543,-1.3505763210589072,-0.9418085870882892,-1.3775609108214122,0.3541591206718344,0
-0.9356110244420366,-1.3226504431453667,1.0362330640234545,-0.7522849540357907,-1.3328473187810723,0
2.0170435538540987,-1.416375330927224,0.9751896273195086,-0.5396209794216016,1.4992781927630734,0
-0.9501899122591349,0.6188954120559632,0.4492336082900814,0.46739211412975606,-1.4101262725550259,0
-3.0151338042152807,0.8556374295233622,0.009653340824309992,0.15267692253869827,1.710445534219807,1
2.0196673128945086,1.1988856846605689,-0.809708070695041,-0.26237306599697674,-1.3589962142398695,1
3.054597520506106,-1.1181533373968837,0.6821225153379621,-0.45243302115266887,-1.1224323354631525,0
-3.0043399863552933,0.4339067770214218,-1.4541846371248062,-0.09006566803937682,-0.6884525505084237,1
-0.018101830451827006,0.5629385121611217,-1.791492884037669,-0.8537399114789759,-0.3563683134714403,1
-3.966278772912827,1.0314815749176032,0.25438031957685747,-0.8235695981524339,-1.2281312352440952,1
2.049074551040972,0.35111779415879074,0.1781303664740285,-1.175287113303199,-1.8884029906099529,0
2.9994142098035335,0.8115271144720863,-1.0622145700893508,0.47789054878296244,-0.21243384912991908,1
1.0421716335373734,0.05569619432342263,0.23079940243848734,0.2803180714606414,-1.0859185700362572,1
0.018365081290716567,0.32942547009654666,-0.17031212356257983,-1.629578017911864,-0.6240481328108918,0
0.991514661026871,0.6216193803432164,-0.5884937393850024,-1.069195843511102,0.5263103645317064,1
-2.9869667377572613,0.22619600801164677,-1.0093480204317569,0.2631384453672311,-1.040404995888004,0
-4.030474058067955,0.5030694972582436,-0.7591102026228175,-0.5538939292733177,1.5557721947294578,0
2.0170811418227768,-0.1454971735326406,-0.3139230621832887,-1.0436628877329681,-0.4603337926684903,0
2.0394286057555036,-0.5839079501237353,-0.3317457385951744,0.4249448117873609,-1.4275008524231079,1
-3.0000971745351777,-1.8121269239698024,0.31737436551585235,0.5711757075388726,2.0279909235095777,1
-3.0114457354133073,0.6136608281169756,-1.3853995690165448,1.1644504582868798,0.0153525779177789,0
-4.008001626598221,1.1727506015001627,-1.2349274248694444,1.2952730732748794,-0.264335690769294,0
3.0511908114377535,-0.7272294056251178,1.5506214177172943,-0.8781286826031707,-0.018803040743054014,0
3.0001557543187873,1.3606238764187306,-0.47526193522515003,-0.30737270217501206,0.19475614940042962,0
-3.9890707056777686,-1.7325555934201704,-0.3326372822607455,0.7955509583613861,0.6750933079230999,0
3.005164555489772,-0.9158058212049538,-0.8852224257709722,0.45933964356960855,0.024349743252306558,0
4.037935242289346,-1.1574823695912217,-0.3903303904375286,0.4181700466587676,-1.25284489464253,1
-0.9453915784283957,0.5948675098928522,2.0658292010240698,-0.3686477992996798,0.1441356008857116,0
-3.9894754835122117,-1.6617528296526933,0.6134055985540827,0.36436268628696694,1.7899372123981472,0
-3.9150744980889836,-1.2323255219855478,0.9914380684776072,0.3056629907963396,-2.332763407456868,0
-1.9549490142565666,-0.031774668203354825,0.15130385528950185,1.6176330129683558,-1.138409298417543,1
0.04936341855317483,0.9882140632592042,1.7807840385490363,0.47899764829521774,0.20429236316041927,1
0.02305765967301099,0.941970477876736,0.42046957791910733,-1.6358612820163818,-0.31416917857199034,1
4.016973630640488,0.39515394528758135,-0.7278856500886193,-1.4988523562565397,-1.1220525973879314,1
-2.9923335217413047,-0.901385616603908,0.4585513028173912,-1.8236481712140307,1.018829796069697,0
-3.0031382059251763,-2.0594289388140874,-0.9403276057910231,-0.7182910666171485,0.45655838967820483,1
0.997355012915544,0.1158163614180166,-1.52223847572764,0.2876183356652236,-0.5931109343747164,0
4.019970325688782,-0.1515695383563579,0.6941606313922016,1.8148269038565805,1.2111905605083846,0
-3.956845692299135,-1.0059996798259154,0.2457005750522789,0.35953465919673505,-0.8549558948234406,0
4.0193965635094075,1.5598437878621756,0.041222039930287294,-0.11157141988281523,-0.2913061255048223,0
3.9942243282499144,0.8351643170505977,-0.9097262633579356,-1.6836752266533463,-0.12195611387637742,0
4.00038724693595,-1.7658128313542418,-1.014930016559829,0.3656173894609352,0.32672388159845067,0
0.04544522838453169,-1.1452113699791988,0.707690145315997,0.8224415428876094,-0.3363368302223075,1
4.020952657757651,-0.5738148037395226,0.08529460978978881,-0.02274203824821779,0.13197422814708737,1
-1.0126573458586487,-0.8501231099619121,-1.1965471683970486,-0.7112039241684386,0.38511315172828264,1
-2.9896317714529745,-0.6556472254763686,0.08731095764134687,-1.7871935360390134,0.3329902020872356,1
1.033057774504102,-0.057583827966728715,-0.2163852129095796,-1.5763446726857508,-1.4345516383371177,1
-1.0272291189830383,1.5029455039685171,-1.3364729394463828,0.562552374987197,0.7734849485121212,0
1.0370297826157993,0.7495922006802658,0.46709763981904584,0.7426248687487699,-0.5509843115468551,1
-1.9622747701904175,-1.0531810291992936,0.03099604996400826,0.8972062817917024,-0.7363470459063234,1
1.044312336903003,-1.0585425534371975,-0.22937559929405069,0.7618838825782832,-1.440646176428829,1
-3.010223055389032,1.8349023495612353,-0.07272997727798175,-1.2493049052622627,0.7670285953543613,0
-2.9876155811235567,-1.457930044612448,0.5253912956630802,-1.438277775938704,1.0525165075810021,0
4.043432244902324,2.0417035970852395,1.600059156796954,0.1845050550072628,0.1533303617496053,0
1.9621288556793672,-0.533947256836504,-1.6165825494400687,0.08202756192927249,1.5067315166558732,1
-2.0076320896979833,-0.8939041042259183,-0.6504927319646344,-0.31883879514984714,0.8382677163779166,1
-3.9610066832471365,-1.8249688897925693,-0.5975830249663275,1.9990355283662251,-1.068766087543163,1
3.0390927918739754,1.5755289240928096,1.0983577841496224,-0.250521514352494,-0.2186068155755243,1
1.020863042827961,-0.05660736763434312,1.0633555980774,-0.3443457205805066,1.107443423417029,1
2.000576927677278,-1.8041682762696296,-1.532938152125585,0.9620567308320567,-0.22921119750703,0
4.0141948707611474,1.7712612569104347,0.00931538919275518,-0.9367201440330257,-0.22760707262249885,1
0.044308651309428626,-1.3854289146747865,1.183278393991339,0.4350078403711044,0.2959769245571578,0
-3.983867395147303,-0.9907451992245422,0.6658929678129255,1.378703512695466,1.4830852733364193,1
2.0335843558188005,-0.583885766046192,-0.12238666549095745,0.9371041119941184,-0.7222122745928267,0
0.05078895070782963,0.8010701601583434,1.327202869797881,0.7666260541041907,-0.3410111493619969,0
-1.9804707298554405,0.2504140545477606,0.853127759123502,1.0532374669995668,1.0685317413387407,0
3.9914202619274244,1.0580683286780337,-1.6619723800455606,-0.20065505463842476,-0.6343552601563229,0
-4.014930153315352,1.6901344489147871,-1.0066644570332484,-1.503606169130266,-0.28802958605332835,1
-4.008554301015785,-0.5477892056084442,0.3401922945156739,-1.130572096015592,1.899187923584934,1
-3.9724604786016595,-1.6662557852379387,0.9167274615164057,1.6547571224568454,1.41185176800391,1
-2.053234866442461,0.8482997467304789,-3.779325319097441,-0.13091032977679862,-0.7301166427912583,0
1.0185218414327286,-0.868355412009389,0.4570304316584318,0.24742288258097536,0.7943215163712076,1
-2.03496158365692,1.23105861970066,-1.3943248070431855,-0.45231869384142853,0.9814367704406485,1
2.9673364237251834,1.2795173324799174,-1.8196120432425322,-0.7242829444473505,0.42750299594192165,1
-2.985600408578253,0.8187311213328047,0.998226088214627,-0.8064075925144649,1.008774246911321,1
4.002381151294105,0.11299435925906243,-0.5935820921306014,0.9129751876177478,0.44220623733595465,0
-1.9596356146136955,-0.04855928216643074,0.9653125132451039,1.2937295266765485,0.0905664257951208,0
0.06023766986488255,-0.9009527604417459,0.9477247862385932,-0.9939642859519338,-1.3311294332283625,1
3.0342824875775074,0.641720553897938,-0.3899185011046359,-0.30362570467837563,-1.5752510130133897,1
-2.9392837109444865,-1.5609572058538939,1.4056514400932871,-1.0179619773750925,-0.615333548588688,1
1.062671722896388,-1.5732668127429468,0.8124206329877254,0.3750465801549366,-1.2117840094161823,0
0.06534052635465049,-0.7411932609207365,0.5381394503721095,-0.27109832121349203,-2.0337821419783713,0
4.034857078715313,0.9385566999388257,0.463096505250879,0.09514229307435904,-0.5216072510182962,0
-0.01721912082194965,0.7329560300200593,-1.2917530050774015,-0.9990895685984811,0.14045367437231798,1
-2.98964059380084,1.8601806621572157,-0.3272539832372635,-1.6057502585744956,-0.8527627813778145,0
0.025502113729445774,0.5728389026965935,0.17625786523678957,0.5280065197477185,-0.2525840767814422,0
-0.9771973586863281,-0.04664893471093231,-0.18863172585983976,-0.5515007527316069,-0.635605792408293,0
2.043696310434994,-0.1906149019958025,1.3661531249748653,2.060971084187762,0.6441151300317672,0
1.0628427801467737,0.9277863095108108,1.3963725251124868,-0.5044735336541785,-1.2245268349121505,0
-2.966391428163566,0.039198764461909556,0.20584820394975556,-0.9641749621226897,-0.9363376502411592,1
0.03127015780058695,0.8487395675653987,-0.7516226332238964,1.8366324734549022,-1.545231064183314,1
2.001378999823996,-0.3588592796530091,-1.262717238526363,-0.7632434022607141,-0.5935486405667675,1
2.000156954408494,1.8273682457272324,0.47657382824714256,-0.5402865852360199,1.1927702073266326,1
-0.018283077866896313,-0.5653010641287589,-1.0953824491985265,0.5358363133988464,1.0405350531759587,0
4.073098059598057,-1.3923089009357699,1.0609373350073394,0.5816985474584316,-1.4781358960147677,1
-0.9550067340670827,-0.5171194598678495,0.32985429082696294,0.28180806541993747,-1.0398332717327403,1
-1.9444650908704348,-0.7866380408595053,0.1475104209915865,0.5524824522198252,-1.7856907105497195,1
-0.9476625371509861,0.757576301642192,1.9573702012037244,-0.06713060452910616,0.16587305250455986,0
0.03036152397448788,-0.7893987064202895,-0.7526500527537334,1.639858971839043,-1.1607106223668002,1
1.0094163969042471,-1.6698639501860664,-1.1091622607261555,-0.1397182918165235,-0.49313904043312096,0
-2.0049024276516962,0.9384097018010537,0.3469746522232622,-0.26892602404504423,1.4622720858449352,0
-2.978859812036416,1.0164346796435042,0.38680437218570585,-1.4258559591799254,-0.3320441929302054,0
-0.9603726617646764,-0.33797541636281225,0.4026263921273412,-1.2833055039673893,-0.979997022996825,1
0.008344316321299061,-0.8775731819892454,-0.4584753814452299,1.4565176117507477,0.494588037510884,0
-0.9742648480332248,1.6599572947489716,0.7033741266013257,0.19076911690506448,0.03556495305276473,1
-1.9998034379694185,0.1187099968100237,0.23477164556937952,-1.6660507477347914,0.9521236092894908,1
2.9669097297396467,-1.0181548534545626,-1.0520009300664677,0.2170695974981661,2.065971524285378,1
-0.9891181550921173,0.4558177776431223,1.0200381149388353,-1.8890139025991453,1.1860758253541295,0
-3.0271515598468426,1.1180516394534297,-2.2161684382271214,0.7513760150601332,-0.3083842745373628,0
-2.9742781331182018,0.5367641800841885,0.07517598064838565,1.5729734279653564,-0.27320399833640463,1
-4.023611199602968,1.9204059256026222,-1.2875704874849185,-1.189716511891169,-0.1461511108103824,0
-0.9741635265609929,0.7005063577737618,0.5360218759003209,1.3248240301302052,0.27129416516433863,0
3.9855905384496326,0.3326892466952083,-0.8078588773238717,-0.9687595948718867,0.7610375805554425,0
2.033782162080226,-0.9222793271827341,1.0410087955040925,-0.7816137244372987,0.4321546114571684,1
1.9996685627530129,-0.46088622345932984,0.21047936450973787,-1.880342430682718,1.122624598653917,0
1.9926392914331315,-1.8743050290654129,-1.0546744769574043,-0.7898217328613363,0.5017113927092348,0
3.0622181231976127,0.7615809132577106,2.1551037399274833,0.23738602763921268,-0.026100238463476373,1
-3.945029220873,0.9833759001758682,0.21864554268358016,0.5496706066876078,-2.2573220983754374,0
3.046945836495026,1.4293871222185943,1.5598962037205157,1.263328162642301,0.21024793555415805,1
-0.9336174343321089,-1.2190187647247017,1.3894316258112658,0.3326463257148892,-0.8265948255873831,0
-0.9664727562547508,-0.3856030313178458,1.3850901569663248,0.07754142849748434,0.8748546819656109,0
-0.9711108338951995,-0.07664129502090768,0.5053930580755046,-1.0055956403472261,-0.22175072764388631,0
1.036747107916602,-1.430722548984256,0.6116328858126726,-0.29621224015503705,-0.08157093833818344,0
1.979642748961182,0.12622460594572496,-2.0457886573811748,0.2779505813134096,-0.16498986166598345,0
0.985725004714693,0.6788504853472823,-1.2538576771920604,-0.7634183965145752,0.09853738463779167,0
-3.950147465433263,0.6629131429479761,0.031371913963600895,0.7132937936221965,-2.0447748306546853,1
2.9748416903543857,1.0636225336343221,-0.38322130850975256,0.25650253463145084,1.9851008786976807,0
2.035094578970855,1.415427233989885,0.4042606156678704,0.6955465385367192,-0.6408253850350694,0
0.9749554469886279,-0.17271091956006862,-0.7573671699664639,-0.08802708297432624,1.6692973248200291,0
1.0307757246568494,-0.3793725339192225,1.0025087393639922,-1.0644047049274543,0.37299704663125893,1
0.028434732341507285,-0.8647931508584119,0.38136246176228394,-0.3192175508408873,-0.015132308856074847,1
1.0153339027430972,1.4968705361099923,-0.902929751679619,-0.3955639864058835,-1.3361255130043814,1
4.062219747957214,0.11027471372143938,0.9408077096117414,-0.8177531253064134,-1.5671741486954571,0
4.016128204575339,-0.9965452684418844,-0.6797495834220947,-1.9446271205388264,-0.8105899402000367,0
3.008668078939766,-0.8369625767653758,0.0722873038798661,-2.3070504185362286,0.43300567774583376,1
4.0729022235566275,1.0829725984944738,1.6155705230344493,-0.24506897696582944,-1.462975069779186,1
3.0684168748790244,-0.22417764227073428,0.9544251620426828,0.4036180845579937,-1.6292620296835651,1
2.994688951895011,1.1051852804363562,0.12036472112584573,0.7502282767658676,1.5131378222188143,0
-3.9425880879806456,1.4490583624827496,2.1247073793560607,0.36604961354386384,-0.1858650545645513,1
0.0006708399005663779,-0.8873733006181127,-0.7558681513161176,-1.1434214907365414,0.07603783925894518,0
-0.9963052531292114,1.3998993232352328,0.6006277391572895,-0.39163851774153374,1.1660657838425303,0
-3.013016991516003,0.4565302745837081,-0.5298079913670858,1.1301520533540295,1.2139838633782487,0
3.0065575044945367,0.9165771944129596,0.3404911906190955,1.6083633684210263,1.2869399895677631,1
-1.9579945493880104,-0.40364731861656056,1.6735271023157998,-0.18439014871733064,0.670890926750905,0
-0.9704321527137205,-0.6511078195256532,1.2245746595568165,0.38315778959843416,1.0344060579606726,1
2.0018233356333104,-1.0287465424456945,-0.12640038747993873,0.8754346919644773,1.2432613840524624,1
4.0031836695110945,0.7341564463938963,0.6412629058423523,-1.1996124552984397,1.366842592235716,1
-3.022478565079153,1.141391747374474,-0.7744354262386192,1.0516146860352502,1.2648844446202359,1
-1.9797295728490205,1.282762494884152,-0.28571234396723866,-0.19773731719860882,-0.8921976906719096,0
-0.9677320566247714,-1.6522267245003857,-0.7159170328986877,1.7878278769214633,-1.0127353588644272,0
-3.955196208874546,-2.03365519639363,0.032598642321518906,1.7964626981473728,-0.5824516553328706,0
2.021385342897914,0.31000439154283205,-0.885687500347341,0.6193552513369806,-1.1905657922763133,0
-3.038568909462459,0.1601444841148644,-1.9679647493198715,-0.2964653423123273,0.7444602854918863,1
0.03957703950443303,-0.1707536598863179,-0.1804127147968517,-0.4537714837686652,-1.5534351193615816,1
-3.962381736809044,0.30936932950469387,-0.14632076348072784,-0.6338192745680588,-1.677724482889905,1
-1.9707364589034202,1.4743015015439087,0.14509896646943093,1.7576489107621198,-0.5580037180575772,1
-2.9871755318517565,0.028099343109298097,-0.8712698321535834,-0.7710425656538494,-1.0023585364090464,0
-4.003058245224472,0.39175261975046255,-1.3557999698484566,-0.29133911326871664,-0.746421870314032,1
2.033797350952785,-0.9019692131181274,0.3088234833778708,1.1376750801369504,-0.09682066572924708,0
0.012358896562869148,1.7330794974785189,1.012333225306725,-1.5994951238924888,0.8798116459854612,1
-3.997022188870822,1.3492070029066925,0.5976056571690536,0.10253308584118154,1.1098676358152841,1
1.0252265019140374,-0.8339611398788509,0.24432521580450156,-0.06952306766074869,0.06425115324775725,1
-0.012645481481437848,1.4986877570480828,-0.36674278696193685,-0.21111747869778597,0.9907463911103752,1
-1.9324219258933888,-0.3104700256259124,0.5629673345630676,0.12784153515142482,-2.1896404795766435,0
2.0210337085004975,0.5237965668188954,-0.6670186550578766,-0.9577833292321131,-1.2562886214616955,0
4.0189245043029205,-1.527976533015739,0.3690845019725647,-2.338863505905042,0.34463101052225653,0
3.9920795704377072,0.5834152864303622,-0.7983754100871254,0.249136231489127,0.5742823293609435,0
4.012106818798016,1.6458472371135522,-0.03647707692712007,2.0815397315189035,0.4591902274195615,1
-2.9653880636882644,-1.1914577283982197,1.2604114776213613,1.0760886163651542,1.0634448859573842,1
-1.95178562314661,1.308031926758165,0.6176837155663804,-0.8578696273501647,-1.569707183632032,0
2.0348515120422412,1.8254952654862597,1.1504790333798078,1.7418550930121102,0.4088542492470487,0
-0.028495258956998448,0.9137915947809028,-2.038285290126497,-1.2224096872023213,-0.1946319576489666,1
-2.966240681990682,-0.5189938808534399,0.6524577146122392,-1.0062400003852363,-0.2398778127728261,1
-1.971214904268249,1.9260310597439025,0.9443024940592707,-0.7027819027536139,-0.13388127811769052,0
0.9664481079058227,0.5991713778638685,-0.5840349690915697,0.13607155961225595,2.2628104172891153,0
2.0280311392075587,-0.5394893530482725,0.5767565229393815,1.2558091801877191,0.5206949290583911,0
3.964899095209769,-0.20733346285855764,-0.614065178230018,-0.17044196280222387,2.4973645982915476,1
-4.033193116909401,1.6082780828120573,-1.9928962041736786,-1.4160177548217823,-0.4028823221033063,0
2.0218388457099845,0.6195886161906288,-0.2843100838246432,-0.31383277290215805,-0.72752716046848,0
3.0346986227808523,-0.5145141158816409,1.1084459766272503,-1.1328537008767143,0.3225994756905662,0
-1.9926586949746996,-0.515267760182256,0.22877760908127132,-0.25240306899805126,0.9558795612471233,0
-0.9775217891645429,1.4308870360259016,-0.48959890326801425,1.5209536504275831,-0.9302609057495971,0
1.037319756586803,0.7384374163786741,0.9351987651581646,0.6971008109702773,0.0016715240696729833,1
2.0249910027271643,-1.0765635584261344,0.6399083796691727,0.22627412787603865,0.6921431092255699,0
-0.9877525892584185,0.4144637810585068,0.9024346512879231,-0.8072904703137085,1.1814015467474714,1
3.039121672135628,-1.1229109050968886,1.5504405842261657,-0.1543129771995796,0.9236123786428895,0
-0.03463432660647481,-1.5115997362283302,-1.9641621584284261,0.12652173609523068,1.0746960080838284,0
-3.938138332667983,-1.4881934579585634,0.3859370540209095,-0.1787569405933801,-1.7284727359300742,0
-1.0277130155240868,0.3825507972842486,-0.8772972222173298,0.37107494904103283,1.596316941374001,1
-1.9794903766181444,1.0066907654045134,-0.9897842563137939,1.5725826476703495,-1.363421314501316,1
4.013779568237351,1.2331857649414875,-0.38085600314847856,-1.4348876854184809,-0.6679889976806525,1
3.025152344600847,-0.12927513460185672,-0.13686914445816645,-0.7225568537957353,-0.6414530297174851,0
-4.044991678076556,1.7670219094745467,-0.7764690449365226,0.26150772580811943,2.1139297350489743,0
1.0200485308042735,1.0016990105540193,0.24891406535970867,1.9732334034340147,0.37564303111297853,1
3.980341197000212,-1.8019585085029166,-1.1217158090006176,0.22211069187407567,1.3656563807931275,1
2.052180510357858,-0.6867050105336744,0.43813866776733557,0.7923692333022019,-1.1439787958868475,0
-1.0064645039857658,1.6313489722607797,-0.11850491718993764,-0.5687150048532779,0.7920625308175185,1
-3.984956307356883,1.8886436475748605,-0.8249421413565158,0.19115829746313812,-1.5863071530026762,0
-2.9423571081277644,1.6838968651559292,2.125376784827168,0.16987886672053645,-0.21038231344848485,1
0.039745656757398606,0.03300919841729932,-0.4186559389029053,1.2230490864677754,-1.574320260189222,1
-0.0345094626473994,-0.8130801419651613,-1.9735322413961696,0.22559268931902923,0.9172196260419087,1
3.009080691687605,-0.4324824647819356,-0.5714445659577065,-0.9302933184492409,-0.1975900254397957,0
0.9956526240562855,-0.9360386588726256,-1.5137391006772167,-0.10457573318371714,-0.32759594552842075,0
3.0001955467024715,-1.7603652973497996,-0.9984203209192449,0.2721614692735636,0.32188717842984055,1
-2.996075417676045,-0.2931424014546024,0.2865427925540074,-1.274705932939767,0.9639544434287776,0
-1.9877918197360658,-0.45592710899029915,-0.7577889500851012,1.303943182809942,-0.26709983785246694,0
0.9968189876129863,1.062965598958846,0.3065640742050513,0.06205163663833965,1.4383824761473367,0
-1.9946096196505203,-0.37754771859522696,0.4231875411676861,-1.973950133513739,0.941209911878714,0
1.0086387552129983,-0.34616467325178096,-0.05640131971895593,-1.3103145011184893,0.3290220719396358,1
1.0487031181417903,0.4787326054575164,0.27140166987731434,1.3007903782781487,-1.3165848330085839,0
-2.9839203058947272,-1.539312222081408,-0.43758060307631885,-0.2739934284409695,-0.11890571703696731,0
2.0213279899182988,-0.37424974177764714,0.7819192446845644,1.6224626354312053,1.2078121983059855,1
-2.9894923213973232,-0.37660904806423456,0.861730713154568,-0.8412634395712034,1.3979783155209609,0
0.9811765848678453,-0.9797544705628056,-1.895390000873362,-0.36494996895822723,0.021157568476952243,0
-3.984805427425292,1.2215784680417603,-0.689227338799848,-0.9848264995472984,-1.4173037955218886,0
-1.9794605943550074,-1.7608452874548068,-0.9885422671829053,1.3298173421378547,-0.7158921452841764,1
-2.955685309688741,1.3577149102601385,1.7070103341583396,0.3515138769775576,0.1878127641988515,1
2.0036419426774117,-1.4305761797258603,-1.3651921386163175,0.41270833326547696,-0.39305890378003006,0
-1.0299275105638168,0.6055575745772355,-2.0951252037199213,-1.0186800420594289,-0.10209341345229547,0
3.0513956707581515,-0.19395146939881117,0.8140099834859006,1.091403097228113,-0.6619614785122808,1
1.0007857521127699,-0.8666145438391071,-1.1767524051369493,-1.3995745872370375,-0.48711463236354774,1
-1.0022573236340366,-1.1397629974106858,-1.0939022867440364,0.6442629193470454,0.22771426428670372,1
0.01472849157344669,1.2186964170505383,0.9948950725036925,-1.0139689515545798,0.9486577878011141,0
3.9893606914788995,-1.2310208123094954,-0.30660575875951446,-0.48477388088540885,1.5732811049392799,0
2.027941363105329,-0.30693714929182103,-0.001282605197699016,2.0906191189457006,-0.07095234381424595,1
4.0395960151001296,1.4823897812336058,1.598489691715833,-0.5475205592783464,0.35190495611650474,0
2.0075972633535173,-1.2007085570572806,0.49629042110146515,0.8653000524262041,1.7010355627663245,0
-4.000294316639482,0.7555138332867878,-0.8873385553247511,0.24639090178932685,-0.3407646837102311,0
3.0234312832731485,0.08106263321889076,-0.6843544224959998,-0.42624086027047,-1.1982411211450317,0
-1.0220650383852878,-0.40736878412998967,-1.6554360094699938,0.5942819593385366,0.5289089840841452,0
-2.013651789843113,-1.1212202533837803,-1.7237305528703288,-0.3629715093640622,-0.08610645719160442,0
2.0054751962313917,-0.34355843464791624,-1.1497065745501904,-0.7239843770295417,-0.6934918823105151,0
-1.950491615984248,2.166544367222269,1.8758548609941716,0.13888144310132042,-0.10690285050973002,1
3.0064385919131613,0.8797259810315625,-1.2804281000078859,0.2589812168558616,-0.9552868247485556,1
0.9821824778453658,1.4025688590263377,-1.2144894991577826,1.3720800320486122,0.6178380039998648,1
0.042439049955708796,0.0629289853624162,0.7793867261961392,-0.2540365112017173,-0.5536270441800322,1
-1.0127257775155085,0.5574536660314783,-0.8529442855064288,0.08298535100346499,0.6376612689131542,1
3.051040867071964,-1.015348614016157,1.842467418565226,0.21116347086263884,0.6235105269069141,1
3.0744853509179046,-0.24409085311173823,1.2476030256115953,-0.4006599572431215,-1.7832197736742883,1
-3.9932864824118948,0.6050115537538658,0.13482362599351086,0.6872505468242893,0.6757948937181044,1
3.968846335247828,0.11472684010575473,-2.290616900981186,-0.344858299696664,0.10250651920133326,1
-0.012178977562686377,1.6648916766648136,-0.102026588180614,-1.9384375499019522,0.9129689881750264,0
-0.9856309014965277,0.2926677915064028,-0.6553720151405694,0.9981936707888144,-0.4871581803132248,0
0.9923141896293419,-0.9208096898252984,-1.2310055667262931,0.4014666056688764,0.3148982546138017,1
1.0058543440489904,1.7550063233684545,0.5996357360439369,-0.15633531205413778,1.0675799995963755,0
-2.9580340512803542,-1.7188087828712317,0.5350223950407957,1.247158521646108,-0.09859519085755634,0
3.0300523571958484,-1.4230664602433178,0.54497342741206,-1.2760929707642792,0.06972723038206617,1
1.9802258639086663,-0.10942776897916426,-1.5967948518447403,0.42846007206107956,0.43275907820497495,1
-3.9423690486799083,-0.9557534459683631,2.1514962257083665,-0.6922643173029833,0.4752849553302282,1
0.008057439926373533,1.3374559733670857,0.6132529756875765,0.28498795341244354,1.102536702552813,0
1.0333249534474591,-0.5570692554463544,-0.5092283723211188,0.49383952412226917,-1.295021102513359,0
-0.9790158149919268,-0.15595423005733497,0.32340189983006323,-1.331464060264146,-0.021880020690436326,1
-3.0178495809966894,-1.3042167519127965,-1.3860698313833775,-0.43921391757045697,0.6192241620454104,0
-0.979025726766956,-0.7446514967823077,0.577951526510522,0.004921431012317267,0.6941088215403018,0
-3.995305342226949,-0.1979316107904456,-0.5050441755927614,1.3356240386808842,0.3936234362372464,0
2.0261394127329257,-0.6752850620535574,-0.764597604571544,0.7534810421940142,-1.0862212735874908,1
-2.9715394544609914,2.1418463447953386,1.3493941478571883,-0.2050343675459623,0.35704520008019675,0
-2.96807837715875,0.7169721639780792,-0.10332411217981458,0.9601810924321845,-1.0353272533496636,0
4.03762053881374,-0.6194587587697439,0.39550783286415503,1.1691805537601452,-0.23347577101637473,0
-0.00487295306786617,1.2314482699934555,-0.24679029193582694,0.5093536878930789,0.8784895026604562,0
-3.0103858097272336,-0.04340345906446799,-1.5147319016696805,-0.9609832636287616,-0.4406986504057037,0
3.9768075370700524,1.0449913162382929,-1.9186578615105614,-1.3484898031615324,-0.30435822143823954,0
4.0587693095036785,-0.9689650591668404,1.3133060222924937,-0.9065194142760922,-0.6975109213259625,0
-3.9886412461603564,1.3806473748497428,0.3267361678642803,0.5690049039097733,0.34602785055097807,1
-1.976901069720681,-0.9496128636136946,-0.5822451693342696,-0.8968769257323893,-1.0042469556360145,1
-0.9684399705741393,0.39544291863925857,-0.20835617986098895,1.3506071598856277,-0.9119096803719277,0
1.9901603798065182,-0.023377789479236025,-1.5428254643889603,-1.0801422826418878,-0.4057887471257773,1
-0.9625338285852729,1.3483948544495552,0.9807781928244753,0.6058564945283031,-0.16421119051449148,0
-3.008951414004955,-0.40536357613855367,0.3571962175285911,-1.2377258614716304,1.8573546501464684,0
2.0144971853944664,1.5413577067974187,1.0562830673557377,-1.6614654782290121,0.8950579111759747,0
1.0242376818159995,0.04208161215724957,0.12836135348649833,0.5263056214683912,-0.0951078947861641,1
-1.98417267741134,-1.205249708419817,0.6679995791691203,-1.6530645821061842,0.8947941629103129,0
1.0346495446883512,0.32857507623934584,-0.48561443461669596,0.5907274989373293,-1.520028613943956,0
0.979328365261809,-0.848481026449725,-2.028634689220234,0.18240924430908143,0.04554448727644113,1
-0.0253070816924863,1.3283880231306857,-0.2504490612859589,-0.4221657704019205,1.8837831416300521,1
-0.9675438144503312,1.3897233230324373,1.5146690228607689,-0.9554099725358727,0.47756262869534893,0
-3.9558953700695,-2.200980264952791,0.12939972616972126,0.9127215445277057,-0.5310469352104538,1
1.018964678350808,1.0037318714012964,0.9061747147157986,0.3526868732837015,0.930794212466188,1
-2.9829829583430287,0.5634622969229203,-0.5633419437753595,1.1449165886059982,-0.6430012576287298,0
-2.0068820178715034,-0.2620199657997997,-1.6717011579156298,0.7042662745886413,-0.4310870135404084,0
3.0017228504006637,0.5887007223858052,-0.8425745090186088,-0.564259581506665,-0.23730734865404457,0
1.0092496871289276,1.4996958383555798,-0.79397058955898,0.7584569498678695,-0.6145275277908488,1
-2.022856347015834,-0.017216518628992924,-1.1560194620678674,0.2103063770949493,1.0003197100526593,1
2.0243811271937586,0.9923674582212811,0.7811515774722925,2.209816465914187,0.8474108979068719,1
-0.9407564771083194,-1.268165993030904,0.7070094671706673,0.49338502439000315,-1.2023970045529044,0
4.004833079395913,-0.04666111508147784,-1.1177467705154787,-1.2234600913655083,-0.7336461292025155,1
0.027725513532470103,0.39585193045130196,1.0155401532199102,-1.692618182420987,0.2545440876284136,1
-1.9607118373129357,-0.011893354351503228,0.09000026927096352,0.8919211752337951,-1.018788866551379,0
-2.9626739022306894,-1.0464171838423366,1.4071663791657314,0.6251019787348064,0.9562403891452361,0
-2.9977806568418788,-1.6345199356555757,-0.4733447512246577,0.30771779318722975,0.802011955802338,0
-1.9837024425858631,-1.3597418911160921,-1.0218941153301013,0.7478053441429734,-0.7197102864081569,1
-2.9731794175354054,-1.1370258197521994,0.22140816045136985,0.4924975862312608,0.10127860071340626,0
-0.97962960988274,0.5221056123955836,0.7467472437594179,-1.2265134457492113,0.3984947086248005,1
-2.9582417802527137,1.6524356026190776,0.2426930903740632,0.6858416365481526,-1.5046469332448604,1
4.0645949776988894,0.6827043086966508,0.8347294929475008,0.3618773899732538,-1.725977375741726,0
-3.0049234775080476,-1.209094528661676,-0.4579764036543681,-1.156048310016784,0.841184577464055,0
4.021156832471504,-1.200671491170491,-0.5807085972320836,1.4997930579686614,-0.26855008237075806,0
1.0737058147824472,-1.069426315298641,0.6545464984495927,0.5414903984908482,-2.1397598476377873,0
-4.037782421506618,0.37188370298902457,-1.1257038572701077,0.5001123572988537,1.778260270444157,0
-0.9793056970239826,-0.7520876010005892,0.31129972957634644,-1.3308123631293438,0.12107661509470578,1
-4.016309053120006,0.6546551495788338,-0.46649643306843025,0.2979326969471226,1.1939306234631535,1
1.0167126382522014,1.279110874093842,-0.38833058123675124,-0.5427711193139436,-0.7655239561246799,1
-0.9696311205016501,-0.36426285182521917,0.5040842997456737,-0.7133239311466,-0.18622145906472992,0
-1.9979397060155004,-0.2450191733632392,0.38572661064631264,0.7513981322050387,1.5933469410830405,1
-1.9687822430830595,0.24735859991183046,0.9655120486350885,-0.5090922382536628,0.20740638332141875,0
4.04018059914974,0.17036576381943844,0.6743283719345785,-0.2654633629968728,-0.48933228919554195,0
0.9792167110133603,0.4501466958018277,-1.0997336429271147,-0.003351883572440661,0.8744366990039231,1
3.9947107628364753,1.5528210562566036,-0.4898005287171956,-1.3824949721913118,0.27466704672194153,1
0.04110419138884858,-1.7857210407160808,-0.10997578217198195,-0.6565103349892981,-1.2319685053993086,0
-2.9754688726400635,1.021498312253964,0.6011944612035264,0.8887548155443966,0.18470186140166467,1
3.067900211273039,0.13240095113162542,-0.3492333563486898,-0.10078129583919204,-3.375028610506463,0
0.03679211712679642,-0.33725990226252817,0.8072245555542664,1.5397178087134675,0.2587425406547829,1
-2.9488114683772877,-0.46081240495684295,0.9777685798393504,0.2333004597058029,-0.6455069193968831,1
-0.9477415432585383,-0.7012043937743551,1.8246271832782044,0.7713867179988776,0.5148736220595379,1
4.051131018969516,-0.16192334469913072,1.7172000578027673,0.9978980069267908,0.45836751806915355,1
-0.9708635485023089,-0.5713833228037227,1.3054036906104074,-0.2569581066852644,1.0156363303298175,1
-0.959842276200014,1.2568406016568976,0.21324307865731768,0.19520329207534773,-1.3316850969266372,0
-2.9487081271752142,1.7278702239318824,1.0287002597286996,0.273182712701122,-1.1930685834217212,1
1.051738173777638,-1.3628116484498654,0.5918154629320326,-0.2882299893513611,-1.0101094507581034,1
-2.9981179963350857,0.55415034815897,0.10620101583034888,-0.28709532221340944,0.8163372668153599,1
2.0322004001723677,-0.2549291312189551,0.10150517625298344,-0.883875236545478,-0.7927800798429879,0
-1.9698037766913936,-1.0609311997525819,0.6335404931896674,1.4679548987844369,0.5724307271144697,0
-2.012724329058601,-1.8656921045595647,-0.3397611312534652,-0.4480580913042677,1.7453334104525222,0
0.026209628452166456,1.4500364570138917,0.7294823908107188,-0.010767170334962637,0.08351743119600526,0
-1.9689305169289657,0.6552104496044631,0.15062035807247814,-1.1109615943044828,-1.0146599704316026,0
-3.0112872774420847,-0.41576573895924407,-0.7444423521204117,-0.3056586977951787,0.8066699047765687,1
3.953790664964358,0.8829414805783566,-2.3418449505141377,0.09351070275465448,0.8601105903169104,1
-2.9687395338292157,-1.742215029288487,0.5274955624094101,-0.8471171377730377,0.12651034271573375,1
-2.9835660586326656,0.10866099083459724,0.15565305144045072,-0.9175276132364438,0.013184246616120068,0
3.034165076852637,1.3955046982687866,0.6529128534674149,1.8329665525158434,-0.026118543006240905,0
4.075612775788561,0.0450510849149593,1.2411645161947782,-0.20974239002836548,-1.860827650303727,1
2.032853111822458,-0.7131184966009084,0.43123074143711704,0.10454238302212057,-0.133563313359724,0
-1.9750692824223215,1.643210876910346,1.0217704241281298,1.0873954201712832,0.6131433106819442,0
3.9939841238384757,-1.6828929875129925,-0.6929863340820105,-0.008568922971394825,1.0117103821174982,0
-1.9770646688109124,0.6167832708405856,1.2214341611456865,-0.7803573054651937,0.8714746369293245,1
-0.009566652301189471,0.2148113383675396,-1.3190602018066455,0.7078984905350719,0.10402804379080409,1
4.003981712528156,1.3803531884564233,-0.7485322965400317,-0.8676569462043661,-0.45676615357427514,0
-1.9982357670094761,-0.04016433653163127,-1.0508706775942431,1.279561039996326,-0.11855520532447308,0
2.006091028655333,-0.0987078303446236,-0.3992918054792194,0.4678300224091209,0.37435906055428925,0
-3.9998072674322325,1.4053171332058083,-0.987405622848358,-1.8383733015623196,-1.1309027525078097,0
-0.9434443019001435,0.2213500869429095,1.0888145064994514,0.5048608117229902,-0.9196970033905781,1
-0.9698410431910469,-1.244012422272279,0.5498280982710304,-1.1074702259883822,0.012926748673850116,0
1.9950881293413971,1.5954510651361191,-0.16004385573257715,-0.28612901007699615,0.810594326351796,1
3.047547707784319,1.32762054266099,1.283158619531147,0.1719369592624907,-0.35848055196732076,1
-3.9605844932042604,1.219144040063455,0.5732627836029118,1.2864803785993786,-0.8191411071686904,1
0.023157442353119784,1.4584907505568385,1.2783095504960396,-1.281066051664139,0.6905527327240173,0
2.0206015680846336,0.5244767145152577,0.3625338281214303,1.2271056957593989,0.46456829949019485,1
-0.9237043582428468,-0.7904480572642495,1.7396550214559396,-0.08620190114682517,-1.1663130560503296,1
-0.9888485436836238,-0.4454677579948317,-0.9838983145847761,-0.5276934478288015,-0.8270100314842587,0
-0.976918762217803,-0.20039947414308498,1.237549978072086,-0.9818928303312934,1.0621726073584241,0
0.9944432169862241,-1.044872190675141,-1.0321592475546966,-0.5411791919268314,0.2754278691631852,0
1.9992885387654011,-1.3805199400648267,-0.530373497870141,0.037887012709429346,0.8080509376613355,1
-2.94336617057613,0.08227767411595432,1.0224486516502376,1.1053991927872993,-0.8954966602334707,0
0.02852451403897227,-0.4589264959813754,1.195721738956908,0.33143181475183364,1.019632670843296,1
-0.9756076732763024,0.13388199706568496,0.6118784516340339,0.48984127273605715,0.4207717439813836,1
-1.9899811305559019,0.05546553718838176,0.5855149987847724,-2.1338231123489804,0.7270964447601235,0
1.996576372839094,1.150150350723031,-0.1293236400719154,-0.19210833899148397,0.8740179387872029,1
1.0394276732963519,-0.7544693631545503,0.41645882973182513,-1.5393524711146538,-0.8736191901336215,1
2.0342294862547563,0.1400462813010947,1.094419437485245,2.0357046581493066,0.7963934933783362,1
0.05133703898342823,-1.2690529126646466,1.7198466364976308,1.2609737877089868,0.6756502229847593,1
1.0698937756889375,-1.2441381086277217,1.9359694834128576,0.31755928495218444,-0.34102894767641284,0
0.009047304911532272,-1.3300195280351819,0.3643695311266829,-0.9579528984997043,1.096061310614941,1
1.9809602961319746,1.307631776269633,-1.9175030671665907,-0.3639947908560846,-0.4651561532197323,0
-3.00751383132406,-0.31279037454303293,-1.5797589968464034,0.019386308361306018,-0.4257660302279213,1
0.03560300080918122,0.607234615176647,0.6730800937902448,-0.8778726878250748,-0.5238880877261739,1
1.0121646601893044,1.1027545665095395,0.05990703686579225,-1.4151988382837457,-0.07589656508208609,0
1.0431401928985817,0.2786073009173216,1.7811597732037256,-0.8425810677568932,0.4961515611036261,1
0.047010287263087314,0.6048535175578015,1.782711831673153,-0.008858344184265607,0.33748823464478284,1
2.000088685569467,0.20151511622754217,-0.950142748039411,-0.06379301172088633,-0.11539361135401219,1
3.0101535560169284,-0.08875270459651766,-0.7354499764148651,0.3997839056106753,-0.27419075887695854,1
2.048186461932138,-1.7026187428060195,0.1297638740802815,-0.9802326491761244,-1.4159274318180732,1
0.04508633324172795,-0.3180326885948398,0.9995764831016148,-1.2474277964367315,-0.5482106176371949,1
-3.9857034562972897,1.9266215873967145,-0.7040452850032906,-0.7933271338318412,-1.5933228896474483,0
0.01068670058083665,-1.889577875511657,-1.2384625467893149,1.0458754079071932,-0.45820567091724623,0
-2.9438569417878497,-0.8449050776043383,0.9777202142843208,1.1597880573701542,-0.6518831156646241,0
0.028469799242483163,-1.0632919545294308,-0.1416653278160332,0.16911487147534096,-0.52148557794663,1
0.07640750548560327,0.29169740224599006,1.732841666725284,-0.04138023975407076,-1.4067867967621377,1
-3.0210920957452827,0.41116865983041734,-0.7523405020038586,1.0513128300651156,1.414298677099963,1
0.039464484378139986,-0.9313294616463339,1.0707365407761478,0.25009712436269943,0.30615434717047413,0
-1.0357479274690662,0.6207822518409823,-1.025408683460405,-0.20105159405452105,1.7226289064001383,1
-4.012631133241175,-0.7046067264914136,0.1571151905261143,-0.7247819516926957,2.044446985434223,0
-1.9566625275550305,-0.7725361417078104,0.32718254591312634,-0.004622018129162572,-0.9500245118148324,1
-3.9590058184749717,1.1414510993693447,0.2957639150143832,0.39018745930212734,-1.412207523872135,1
0.007866744709853712,-1.270389035112162,0.5813316558331021,0.4307054867154863,1.6927427461989832,1
-0.9973092400775347,0.7488404447299195,-1.1959146322329564,-0.7041066646300396,-0.9021838702916687,0
2.078880712797357,-0.8880608408746263,2.278553303178887,-0.3008270743922313,-0.6380792229116661,1
0.031222446044047558,1.7868961413937428,0.9129101626128375,-0.2693626754477284,-0.11512764423564137,0
-1.0065428867014452,-1.9425413891727148,-1.6114629433331074,0.20606639481138828,-0.053748893540300546,1
-2.9428516038150025,-1.6752451662828158,0.8867455231344136,1.8511761627776482,-0.45764433474736266,1
-1.0339207101742582,-0.8068571363796951,-1.4892718345748694,0.18416349060901144,1.452878055081978,0
-2.9687980487892562,-0.7806448423909788,-0.2969129860496027,1.9051042486194583,-0.6300726441953071,1
3.05106046298921,1.6148636382529933,1.7372868859527422,0.8590155006032328,0.06527281669233455,1
-1.9935945118522005,-1.49640767529718,-0.9336750353781408,1.270269726200413,0.11475239034271874,1
4.052951821296685,-0.7918117563927566,1.0551728191556704,-0.29970732640630054,-0.5866538434220295,1
-0.9911974779473987,-1.0954439758964287,-0.9278999370077744,-1.4097867132617152,-0.6378666620525804,0
1.0177534717408259,0.9098118790362134,-0.5725529150709947,0.933817120503088,-0.6833110181794756,0
-0.023059933247218112,0.8304442863293259,-0.6375335890668468,-0.43282746308971715,1.383395010750132,1
-3.904282464049638,-1.3765048313145598,2.7234285579413178,-0.34086392245662267,-0.855779811229084,1
4.055463209033175,0.6769654843288502,0.1350808571410867,0.2320345982284294,-2.067141776375802,0
-3.956459238731174,0.7731036514856564,0.8786203030450624,-0.19717710273646896,-0.8098204356287795,1
3.017404089893655,-0.5025773291132867,0.5718482019222512,-0.8928240384372177,0.735164319420192,0
4.017734423711732,0.12132911618224784,0.4612045324210682,-0.1564337438630318,0.613859368082396,1
4.000323067969275,-0.15360521176041678,0.6774934475256432,-1.9842979746639473,1.6119131921521297,0
-3.9657408925018185,-0.1401482329207964,-0.2306832203747207,2.2442467305759664,-0.8661893504564457,0
-2.9843165249656565,0.3494768265627216,0.004866354912542531,0.02018079060296698,-0.014432436623364311,0
-4.022017928195383,-0.27693343443413265,-1.5604753465622636,0.21100963876322804,0.4583959361408255,0
-2.997432419732881,0.6579022003436451,-0.27771533919540947,-0.5903265351380798,0.2080585590064543,1
2.974629732533641,1.1549481489527194,-0.9001957275791851,0.6474496082769865,1.4198600004660484,1
0.01254815315738611,-0.09565135994186302,1.021653106375696,-1.651194833954131,1.2833967012385457,0
2.0312378902137125,1.3866520450106252,0.06095338530870174,-0.8286223136967428,-1.1270422936717608,0
-2.972653762528001,1.7451347916572877,0.7299275054093762,0.6816490944699325,-0.06531904190549706,0
3.004156440476681,-0.3873945770158642,-0.5649772283943851,1.1581852267139328,0.5035508463599094,0
1.007876946899767,-0.8870764484172513,-0.4804105767069662,-1.6591696637879991,-0.09754392478430345,1
3.0018509472515325,-1.5803763861545357,-0.9291187330406919,0.12054535080662594,0.2409552382293178,0
-3.982399644055036,-1.5220044348276789,0.38096367328261427,0.33982223126390276,1.019065808777489,0
-4.00610925527141,-1.275325747946002,-1.2252463135007492,0.677081195605892,0.37611939332307026,0
1.9829481918124916,0.7511699252612639,-0.003664443236596149,-0.6481599835343652,1.8343732943709685,0
3.034821040128235,1.4054414132429616,1.2829810084750501,0.7505858911840664,0.49456695248296445,0
-1.9859330613268367,-0.11176538258939392,0.537696820519351,-1.0091718318333416,0.6893117275671732,0
0.0643972275936262,0.966802073874667,1.4464058245386786,-0.4550597128513722,-1.2799853103092644,0
-3.96645449623551,-0.21582418541326256,1.0072020043476668,-0.3534425267737331,0.2671795394743036,1
2.023795378282733,0.846745445298731,1.1376059529964253,-0.3540652406431559,0.8484813745685102,0
-0.010579470907611466,0.7601732071465451,-1.6350318150722287,-0.4281135549053093,-0.5716051807531372,0
2.974541611579724,-0.03295788517213951,-2.1193588872548093,-0.3058565857611663,-0.009758570871856748,0
3.053691585940947,-1.24019360488672,1.1017882430439698,-0.39674561587146473,-0.5161699338613644,1
4.017568628101741,-0.687205726159117,-0.5023703345522303,0.22754678534262512,-0.3159943421553424,1
2.02376990234474,0.026522333630138707,-1.0157594680434296,1.9940212937764061,-1.1614478406305266,1
-3.997697452603382,0.849401237262551,0.564219430778986,0.011093984158736386,1.2658992900061519,0
-2.0189053588485852,-2.115091457457345,-1.4750799002771167,-0.0972236681197499,0.8364797424316309,0
2.984748141341216,-0.47894721824994596,-0.39431730678897803,-0.7628333088692173,1.5082889042846612,0
-1.9639680605936927,-0.6710765502498219,1.0732220242712127,-0.37161005579642514,0.31229541059361987,1
3.010261839590221,0.006819191267038345,0.8700490542783623,-1.2641036226726419,1.3455188630492307,0
-4.038115988567546,0.22944835005053488,-1.9286170789221486,-0.2491606813786064,0.6845060353951015,1
0.005942171359220261,0.15657024611286385,0.24742530612818792,-0.7514679123923147,0.8407931416896005,1
-0.9553691604151524,0.005923401466145027,0.22226747520567214,0.9732530123873475,-1.1389866812844953,1
0.026213686470525133,0.6129392252584196,-0.16172606075003867,-0.119531656131992,-0.8477685983246395,1
3.0406686055981256,-0.802499920868511,0.7967921394151033,2.2059938657902376,0.30145783000013093,1
-0.9810941149425787,-1.5405737598761184,-0.6632243540074974,-1.2373284019224944,-0.7726863443424451,0
-0.9856922834576514,-0.8500529928591589,0.2747246930382189,0.7610898496713406,0.8888377306681002,0
-1.9400258086217468,-0.12683207021743922,2.088544444771149,0.5603952771877723,0.19307324486257627,1
2.0041995766946465,0.012161655352883605,-0.6274004576199584,1.6565855085241474,0.4157806143895487,0
-2.00087369907754,1.557483416515969,0.13619695032179754,-1.0736482080791159,0.6481019532036991,0
-1.9704764336059686,-1.2643566835534903,0.1379899432973956,-1.4990234583183992,-0.5321100433551902,1
-0.012805270057408613,0.31824577754958305,-1.485466931832719,1.2092121023928426,0.16628289023454607,1
0.043781767358862744,0.8203513876658471,1.2937047163059725,-0.39990376326668187,-0.19908502898431255,0
1.0289143042050437,0.18519993170004284,0.08614391260511622,1.7481764200584335,-0.2165589446636001,0
3.025083834199326,-1.2722787866322294,0.6286333521869332,0.27015261360414594,0.7395647618259726,0
1.014944742189634,0.03386172541123198,-0.008028516950819464,-0.3880113532042202,0.11149410235795636,0
-3.9924594061949543,-0.926599048174073,-0.47721571961775056,1.435498086770075,0.5349028423807989,1
3.0486856475008226,0.41351116727446496,1.608591527010903,1.3057991619789924,0.38945699405239237,0
3.027934214147586,-0.05994570477954921,-0.27094225647063075,0.7505941194199977,-0.6967875447696407,1
4.009253591758003,0.6118643317368359,-0.9986106469184991,1.9289088462193211,-0.3677402652185978,1
3.9854124717322046,1.6334204205572265,-0.6771679149181896,-1.9512478328361222,0.4683715008109418,0
-2.9843393456196767,0.9727592141525454,-0.6849573630457894,1.7875262325181667,-0.7029962647661867,0
-2.978661612957524,-0.33158415285321663,-0.4330456656799324,-2.170881306406857,-1.135273239203964,0
-1.9960222762457032,-0.7166555213767016,-0.4727102411147255,0.7868496073229387,0.5402021580914778,1
-4.025635683224328,1.8471316349103069,-1.5118325878752497,-0.05035857628120308,-0.062261399644827145,1
-0.9749585166584849,-1.3443714699167066,-0.4465285426817813,-1.4989683178897455,-0.9672283187622053,1
-0.9904971523538584,-0.011304950169531404,0.6477903572531152,0.38312043652014577,1.3636731512841036,1
4.010603041749309,0.4615209002200473,-0.5342050113103476,-0.985246627732286,-0.41868569983611437,0
4.081210220134026,-1.419497743357686,0.9325426875290335,-0.034756653088177394,-2.2331299072343977,1
3.981337653793056,-0.7597218890915276,-0.5019561906157252,-0.7596078275458525,1.6578401308301198,1
2.021065254637838,0.1472742964303926,0.6715700588333571,-0.7972665469156464,0.5006155809858067,0
-2.9617291640656203,-1.5004058636726403,-0.1246631521342397,-1.1222322132621751,-1.226244970040823,1
0.03201266060192509,1.6220730411362774,0.2544858967721618,1.3022801447156966,-0.6283922029669013,1
-1.025260082925211,-1.2292956783199336,-1.2023506652810692,-0.0837321088914791,1.3396323021536525,0
3.0198343299208625,-1.4220402391426106,-0.19357233950549843,-1.3539570282369762,-0.24641383175664194,1
-2.9249948454084524,-1.25812940084769,2.1656547901873804,-0.2596618182558327,-0.4540657218952372,1
1.0112547262192217,-1.36812794290254,0.1289659414745783,-2.0583755426513717,0.47929618727394663,1
0.03068004373712352,0.5816068627492329,0.3280998051823034,0.5152832438531646,-0.37756865492467656,1
-2.9768309220421942,-0.6037139412838697,0.826002856532232,-1.2214727716153615,0.5888465171784291,0
-3.9705059452889166,0.4330487018696751,1.5538242593590321,-1.6264433429957483,0.7260352798479645,1
2.9988597435108977,-1.0177934892027223,-0.6241779105814341,0.5284034141067243,0.7547942739578283,0
-2.975278287494436,-0.7310455856960142,-0.7989276776809597,0.978450304432325,-1.065833484495846,1
2.01982827136633,1.4494717110601343,-0.625810938855018,1.6166793851006596,-0.8272122195166083,0
4.0326901095050625,-0.9329592443548259,0.10888291627413002,2.167055949274824,-0.031350696044197976,0
3.994922309341372,0.9721896283941894,-0.4370151914069187,-1.6806190484673904,0.38922981780137605,0
2.9985912616472525,-1.4876704915132246,0.3333465907845399,0.14211832591897666,1.97079632683578,1
4.015447520688421,0.08744540198554202,-1.166008241677656,1.2171393887239632,-0.9719136771961073,1
-2.980026891663011,-1.2003660189623078,-0.3580812316259274,0.011001699105728107,-0.2906659152996427,1
1.026994881273545,-1.2962354560335325,0.4114226420818087,-0.8638752261954269,0.11046163810926667,0
-1.02146734984081,1.5249951428518482,-1.053104304130791,-0.2407265517105918,0.6184218299989561,1
-0.9842105212656573,0.7278445602698395,0.35629914028067944,0.5603254339713607,0.4901674457748636,1
0.025493052533407834,1.749716532560148,0.13519368524531117,0.825203195152297,-0.5104701863698976,1
-1.989435122860372,-1.7031419059143953,-0.014334022560789084,-1.151249420318218,0.5850428290342434,1
-3.9746915098831295,1.2013283769364518,0.7842544416349833,0.09411887741391432,0.06444618844605753,0
3.0489499679281584,-0.9202355171892782,1.5508321476911962,1.7950628610731458,0.6803200648919736,0
0.00709245067919273,0.6470084104786036,-0.21296951700004266,-0.462454917484786,0.1505142703625526,1
-1.9957028585502394,0.5373976675298635,-0.498498507338327,-1.9824115143846683,-0.36825348689914295,1
2.026995586576743,-1.7893045018472233,-0.5350398503463714,-0.6322007190511539,-0.8876593717786492,1
1.9928487420147576,0.39754497510276465,-1.3498644244775893,1.2369904050044822,0.03643254859173613,0
-3.9496951166189764,-1.0975473751463212,1.622297541456194,1.4956236412825548,0.7169789245882565,1
4.026101283955213,-0.28474046902042716,-0.8149557874126798,0.94313633248019,-1.1499547774912657,0
-2.9712315439117645,0.8183856981435118,-0.3348179639506391,1.9536137121301824,-0.9707009851421625,0
-0.01233996581204444,0.17499249624518692,-0.7263271474400814,-0.8097574912466003,0.7110136049979666,1
0.009598587350069465,-0.41816855543333226,0.511172375550394,-1.8461914145036005,0.8638767482698626,1
2.9896073444338604,-1.0126720307905153,0.06731291183061218,0.16549117590151766,2.081902695100054,1
2.9805699064647015,-0.19144360420609777,-0.7337880279922888,0.7280473374672496,1.5714422353900228,0
1.967142627290257,0.6506134960114567,-2.2708037992758414,-0.676632099544008,0.0009053943418309701,0
1.9646358172205058,-0.40904732425229073,-1.1337737740524183,0.37655445744672705,1.9826442775807933,1
1.030714644812356,0.19289053115856608,1.4166851181474756,-0.8121214665128509,0.8105161422583338,0
1.047833694919074,-1.3903675048985171,0.8149575600341574,0.5150894983912262,-0.3396120100228572,1
3.9783483315373838,-1.2705754224491217,-1.2049729247564096,0.3765100513823646,1.301499136981024,1
1.0055683924524859,0.0716803031517001,-1.1162755497057828,-0.8671817991249555,-0.7982886812476306,0
-3.031781701816855,-1.0400309308605762,-1.42909822931223,0.23978522906379196,1.4537472819925783,0
-2.9387531441927375,-1.0040478517623934,1.891373864139683,-1.0656242755309557,-0.20596401222700367,0
-0.034858652788328115,0.9107371318726866,-2.3609865337801614,-0.2696058541720458,-0.02672945138948256,0
-0.9958172764274962,1.327784414091617,0.650249620488495,-0.6394512300958067,1.16679047512175,1
-2.9756860905809828,-1.9790937075560504,-0.7782777153319022,0.5408793909834254,-0.7519048527669588,1
-1.976183413598401,-1.6725149552027563,-0.6632277349840174,-0.2564824380501982,-0.8403053802794025,1
1.9969052422028897,0.327514992217696,-0.85738250233632,-1.3381755129567035,-0.08944039013166574,0
3.0283988821735166,0.35390883317009797,0.04235206430265663,-1.321288139269381,-0.833617183522598,1
1.0163737805420316,-1.813060337937164,-0.7542910663080129,-1.1929407016638527,-0.6449110377267215,0
0.028875840953531018,-0.19064811422186007,0.18063667725933305,1.1601275428295952,-0.1510492207266827,0
-4.024918479437062,1.397680744403982,-1.4177918781467136,-0.7371807962635998,0.038703968996293386,0
3.0558182560658276,1.9338542113848312,2.0550101571693817,-0.38512520789045396,-0.1385642241404364,1
-1.9975713061076772,0.46539771886356696,-0.023717420324706667,0.5966222191300848,0.8548911948925085,0
1.0317443929394843,-1.1582161946496843,-0.15994570081904055,0.8958573091509132,-0.5601704379829592,0
-2.0226505015083283,-0.3308620483477849,-2.119590277065881,0.6442596946020734,-0.04303156210584708,0
1.9664267551960446,0.9487872892493155,-1.602705577691681,0.814544483311993,1.0939623682823096,0
2.013074350405396,0.5631114401437831,0.5864290153062348,-1.8125309896819677,0.5820355789388769,0
3.994930991984046,0.6595066156857143,-1.002871188448039,-0.8966522180578353,-0.0871646346305435,0
0.04537887466716395,-0.7032814836946747,0.7495466606369878,0.5271211868594075,-0.43864296251493695,0
3.037472879714616,-1.6350866765954504,0.2899154036021431,1.9607097818436428,-0.004103645898447195,0
3.038776226599695,-0.6153298857711446,0.35210068745642153,1.7627530570490602,-0.2591830597561226,0
-3.989375052630284,1.1081218649319045,-1.080780089952841,0.8018409364286964,-1.2535886230974744,0
0.058417848964411156,0.11555011625061329,2.0948018979698655,0.11055214704256955,0.1783975246580523,0
-2.0354292222952153,0.48527118124601143,-1.574487934278924,0.6348639555931761,1.1861508693971734,0
-4.006648888378781,0.73889337743324,-0.5779762828918218,-0.07719710130975826,0.3735488092800622,1
-0.9845272013250059,-0.07153411468326401,-0.3462917755876628,-0.9280962953050141,-0.4626386609333489,1
2.977426960754072,-1.1826204211291194,-0.6777800893663581,-0.25325718586645996,1.8434220430481352,0
-1.9802937866009547,-0.29336201409940826,-0.8943062797547779,0.6393392373547251,-1.0534031424665056,0
-3.046867127874532,0.6298473757929899,-2.6616094047066094,-0.18495193644250377,0.26310702323558627,0
3.9923656402385435,1.5704248686996471,-0.17041349677496806,-0.9282978202490374,0.8917873075269162,1
0.02044507117120098,1.6099458387283794,0.8408747837449247,1.191971173648543,0.7633131998217785,1
1.9541144756254205,1.0719096463744127,-2.7406539163267647,-0.05166740363306399,0.22931100277838373,1
-2.9577747969520765,-1.242199295677592,-0.35791909205864336,1.3326108062527202,-1.3451749143235638,0
3.9938747621212576,0.404005729913123,-0.1909691703992887,-0.44200882159369304,1.1152221746390991,0
4.0674673502845815,-1.4707068841688982,0.6872645441733055,-1.0861892685531442,-1.9139182485065176,0
-0.9662102852521484,-0.2674617740710389,1.164610719077052,1.6552036917819737,0.8682635015815202,0
-0.9751581728928658,-0.26125430504301517,1.2243849207184374,-0.5423224352178487,1.0417674760443687,1
0.9992773215822686,-0.8176217222075404,0.23719076654002355,1.0393321346725355,1.8114857854595503,0
0.9750259860202268,-0.6433903192830059,-1.6237806857308188,-0.34469664702527963,0.651217661818638,1
-4.005094971248055,0.8478361124708363,0.33568001722772023,0.12732399844347672,1.440705145050551,1
4.006661718622767,-0.6713873193714373,0.8092810531455442,-1.6067762929923677,1.5791896392706908,0
-2.983074095649637,-0.9402398524530083,-0.3907299995058894,-0.3278688311695791,-0.289069805778751,1
-0.018949630825443542,0.38369163648036386,-0.8624369645753608,-1.1878799539887472,0.8146376742532866,1
4.010250041906947,-0.607825273485164,-0.9481121523048307,-1.2877429197686512,-0.7428951183802187,1
-1.0292213935161358,1.510539861268121,-0.5489606616115024,0.9714818428423657,1.943530210628731,1
-1.9823037768087994,-0.13335671199114038,-0.5729103535557432,-1.9698139685496876,-1.0865396269233074,0
2.0120105261738708,1.1319509637395029,0.13717347600348292,1.0522971831885954,0.5330619953904615,0
0.9833832403629668,-1.8929389506061793,-1.8655687787548139,-0.12530090670366958,0.17422943308846744,1
3.002798262549586,-1.760469371372104,-0.7568336291680333,-0.8688088025826328,0.2401064609480691,0
-1.995589049653248,0.9970772158957153,-0.9899384769089555,-1.6430350432980607,-1.0334636981014518,1
-0.007435306618956972,-2.1585296225605433,-1.6557104666283118,0.30096916921889816,0.019002404541259482,0
-1.0034488261287788,0.6910026751338766,-1.2759894805360061,-1.3795554485047135,-0.7549281037970176,0
-1.0146230748764329,1.3764963609369076,-0.6317666595494321,-1.7865033965996793,0.4641302276664693,0
-1.0227919502695841,1.163054304308235,-1.0511849755388534,-0.5334434857931889,0.7274855144714192,0
2.998611112356606,-0.040445293665634346,0.0034908246789928377,-0.7466162752009755,1.0842840647724414,0
1.033540815380369,1.7540832055035849,0.04754739723152431,-0.1888087282077543,-1.2635631217431396,1
-2.0073009481361708,-2.139229517218198,-1.6222832096584687,0.11611995788149165,0.011541055280366655,0
0.0016168611520548382,1.2658152944634096,-1.2908038985867814,-0.35892758290665294,-0.9727614847161427,1
1.0103937987319664,-1.1951859672296454,-1.102485315173178,0.006655269296995137,-0.6184533103659404,1
0.06695055356111901,1.3147238346349903,0.5891628393955897,-0.2729099035225993,-2.5317620462465067,0
0.9806399397024537,1.5921664869862013,-0.9300627104748099,-0.8927908746394378,0.5735318118636251,1
3.014065204707509,0.7209271049987046,0.14489447442718162,1.3382673830458864,0.5887966863620364,0
2.039881243300586,0.45717351701767145,1.6468722298256409,-0.6412116599720118,0.546409381049432,1
0.0484948494330153,-0.3979889984863541,0.3679368932709548,0.6631346233626575,-1.1367556716260854,1
1.0091864703465365,-1.7412369016266502,-1.029779900596196,-0.731183470486566,-0.48216443975170475,0
-1.0234401459905569,1.3783643384151172,-0.7317864331556668,0.2620491836483197,1.2659469032265749,0
4.066066869934413,0.7656127928346874,2.250920294464847,0.2730042798762113,-0.10880373998087298,0
-0.9372782104938082,0.5378493485493003,1.6799790589034842,0.7904307434072148,-0.5743516189474727,0
-3.9682360297178296,0.5848118433462554,0.7023326375401611,-1.3993340316526555,-0.4982311170373225,1
2.0197927485542246,-0.3561477297165937,1.0023404334580241,-0.19881630469799683,1.208640210081399,0
2.0288286520480794,0.661271315396657,0.9624354538306784,-1.2592430600522688,0.1960697965756399,1
-0.9417582283584087,1.8026449590728804,1.269379042675251,-0.33758653171322167,-1.3347994198197022,1
-1.9344594124106225,-0.7132654689914942,1.70045627372066,1.1838268479887608,-0.34983910139051155,1
3.0347514155874835,0.16572963275050065,0.5390203362527598,-0.3464497633707748,-0.3694403717767121,1
0.008462442295109618,1.3162659598947155,0.3886872622344465,1.911668102289616,1.1254936061232712,1
2.031705335785391,-1.2874477967355231,0.5428683061500846,-0.8804127111830353,0.001841662990446552,1
-0.9955282743566194,0.27363761173491136,-1.2896707896181725,0.27791114149399876,-0.819344981336674,0
-0.9579144181600832,-1.4975069145652515,0.41755142287744496,-0.9441993661878206,-0.7678285144786148,1
2.975405969264971,-0.21162420590645317,-1.21611613372249,-0.10226618665393238,1.1266335477137386,1
2.9703553571610533,0.4442739266471478,-1.4034146327699832,0.1584950509432516,1.1092883696165499,1
-3.0188067207288585,0.12148771009495829,-0.38754337383760096,-1.0733639765816883,1.3992665649778264,0
-2.9995051828167014,-0.07924683454276327,-0.5982004830243928,1.094346547780898,0.46720308822295,0
-1.965237305110937,-0.4033511715212258,-0.04737843878191214,0.9035307257294843,-0.8193452396371428,1
-1.9725767442472608,1.7663606672761947,-0.15591887206176694,0.3759159177248942,-1.165841374788138,0
-3.975953132692133,1.8702642865521406,-0.6843898266123036,1.0078758932144047,-1.7799692102800357,1
-2.008426348027519,-0.3756434384176893,-1.7540023024128129,0.9547886062044938,-0.3636721393013068,0
1.0527303366102982,0.18946847040523696,0.5117670116143429,0.45184148257035106,-1.3630749672848148,1
2.9986914953551436,1.402614889803771,0.5380903056306443,-1.3306800521085012,1.3172751597554768,0
0.9891047047466062,0.4606781946771912,0.23144231725873712,-0.955810721463722,1.7366853793333807,0
0.015673769463392162,1.6920661837016968,0.6359129322564497,-1.4643324972755176,0.25441123178967806,0
-0.9507987259874682,1.3765574608140294,-0.07276053303792329,0.8588006709420553,-2.1209025309224434,1
-1.9907599907527018,1.0802852557148075,0.012140724593472221,1.76273788419427,0.5681336675237828,1
-1.0103792771158977,0.45147205746477964,-1.8166434717522892,0.9555413008777202,-0.49671461481771945,1
2.0093681618649946,1.2250437255939588,-0.39388537277232616,-2.0575467964906182,-0.5937437411434731,0
-3.989706280102533,-1.3722324107147084,0.7843540278606158,-0.7720162831351912,1.697516316939833,0
2.037185439631312,0.09239810168019405,1.6765328171415417,-1.3752601840221454,0.6772360683115597,1
-3.990984496725881,-2.366227725035962,-0.6440455540902271,-0.7763526131869923,0.3116180529928136,0
